customer_name,bank_name,amount,narration,tx_type
Adebayo Adekunle,Zenith,15840.75,NIP/REVERSAL/999260438918629549354236253745/REF:TXN-ALPHA,CR
Chukwuma Ifeanyi,GTBank,49200.0,TRF FROM NIBSS_PAY_999260411130197198839195553989/SES:TXN-DELTA,CR
Fatima Ibrahim,FirstBank,305000.5,POS/PURCHASE/LAGOS/999260367469862040948510508150,DR
Oluwaseun Adebayo,Access,780.9,WEB/PAYSTACK/REF-TXN-XXX/SES:999260989496973510994023964272,CR
Ngozi Chukwu,UBA,120000.0,NIP/REVERSAL/999260335611558796487827553250/REF:TXN-ZETA,DR
Amina Bello,Kuda,5600.4,TRF FROM NIBSS_PAY_999260600110936890469053932276/SES:TXN-OMEGA,CR
Chinyere Nwosu,OPay,9900.99,POS/PURCHASE/LAGOS/999260645009083780054961406353,DR
Yakubu Musa,Moniepoint,25000.0,WEB/PAYSTACK/REF-TXN-XXX/SES:999260534920838648523683884773,CR
Chukwudi Chukwu,Stanbic,75000.25,NIP/REVERSAL/999260618609988921675483549339/REF:TXN-THETA,DR
Amina Abubakar,Wema,132000.75,TRF FROM NIBSS_PAY_999260076536238491833063880976/SES:TXN:OMEGA,CR
Ifeoma Eze,Polaris,4100.0,POS/PURCHASE/LAGOS/999260999990222561381284080096,DR
Chinedu Okafor,Fidelity,260000.0,WEB/PAYSTACK/REF-TXN-XXX/SES:999260715699824199481864189172,CR
Fatima Suleiman,Union,32000.3,NIP/REVERSAL/999260954161183193631200672578/REF:TXN-ETA,DR
Rukayya Ibrahim,Sterling,875.6,TRF FROM NIBSS_PAY_999260903026833940797663033504/SES:TXN-ETA,CR
Muhammad Bello,FCMB,151200.4,POS/PURCHASE/LAGOS/999260764800620814267373550499,DR
Amina Chukwu,Zenith,999.99,WEB/PAYSTACK/REF-TXN-XXX/SES:999260568581620617972486284846,CR
Oluwakemi Adeyemi,GTBank,46850.65,NIP/REVERSAL/999260520716086529797368380517/REF:TXN-PIKE,DR
Ngozi Okafor,FirstBank,72500.0,TRF FROM NIBSS_PAY_999260766485970054547692070908/SES:TXN-NUKE,CR
Abubakar Yusuf,Polaris,56000.0,POS/PURCHASE/LAGOS/999260607177995285132724905406,DR
Akinola Adekunle,Zenith,12500.75,NIP/REVERSAL/999260266519246989489220231007/REF:TXN-001,DR
Chukwuemeka Nwafor,GTBank,230000.0,TRF FROM NIBSS_PAY_999260571455551996136329889180/SES:TXN-002,CR
Ifeanyi Okoye,Access,9800.5,POS/PURCHASE/LAGOS/999260769590925524031216497969,DR
Amina Bello,UBA,45000.0,WEB/PAYSTACK/REF-TXN-XXX/SES:999260045337173387608291627114,CR
Fatima Musa,FirstBank,7600.25,NIP/REVERSAL/999260834078791700974514545361/REF:TXN-005,DR
Chimaobi Nwosu,Kuda,15000.0,TRF FROM NIBSS_PAY_999260313309936863649771922618/SES:TXN-006,CR
Ololade Adeyemi,OPay,210000.0,POS/PURCHASE/LAGOS/999260555857146718666094409618,DR
Ngozi Okafor,Moniepoint,5250.75,WEB/PAYSTACK/REF-TXN-XXX/SES:999260329690843149237306901195,CR
Yakubu Ibrahim,Stanbic,99999.99,NIP/REVERSAL/999260277118326613349365873362/REF:TXN-009,CR
Chukwuemeka Eze,Wema,3000.0,TRF FROM NIBSS_PAY_999260023112032965434442347152/SES:TXN-010,DR
Adebayo Oluwasegun,Polaris,120000.0,POS/PURCHASE/LAGOS/999260174474480837880512745808,CR
Hassan Amina,Fidelity,450000.0,WEB/PAYSTACK/REF-TXN-XXX/SES:999260758976113060333335271337,CR
Blessing Chukwu,Union,6500.0,NIP/REVERSAL/999260624297947307145858089126/REF:TXN-013,DR
Olabode Adeyemi,Sterling,98000.0,TRF FROM NIBSS_PAY_999260149211329302648337414905/SES:TXN-014,CR
Zainab Yakubu,FCMB,5400.4,POS/PURCHASE/LAGOS/999260284028728443475717963386,DR
Chinedu Okoro,Zenith,76000.0,WEB/PAYSTACK/REF-TXN-XXX/SES:999260763401344470980892194094,CR
Ayo Ogunleye,GTBank,13250.0,NIP/REVERSAL/999260980962985455412276032016/REF:TXN-017,DR
Nneka Uche,UBA,7200.0,TRF FROM NIBSS_PAY_999260345574455471664584792207/SES:TXN-018,CR
Ibukun Adeyemi,FirstBank,30550.25,POS/PURCHASE/LAGOS/999260081719180106204067569949,DR
Sani Bala,Kuda,4100.0,WEB/PAYSTACK/REF-TXN-XXX/SES:999260101815005937829054969980,CR
Enechukwu Nwanyi,OPay,21000.0,NIP/REVERSAL/999260151853791712195841698175/REF:TXN-020,DR
Adebayo Adeyemi,Zenith,128500.75,NIP/REVERSAL/999260963125224470320579802015/REF:TXN-001,CR
Chukwuma Ifeanyi,GTBank,51230.4,TRF FROM NIBSS_PAY_999260381900784863485881792647/SES:TXN-002,CR
Chinyere Adaeze,Access,9800.0,POS/PURCHASE/LAGOS/999260277820637025480324380605,DR
Amina Yusuf,UBA,305000.0,WEB/PAYSTACK/REF-TXN-XXX/SES:999260479107253379174554213294,CR
Oluwaseun Adeoye,FirstBank,25000.5,NIP/REVERSAL/999260779082943268895897626334/REF:TXN-004,DR
Fatima Bello,Kuda,76000.2,TRF FROM NIBSS_PAY_999260119616018159108063273631/SES:TXN-005,CR
Musa Ibrahim,OPay,4600.75,POS/PURCHASE/LAGOS/999260131875402896213506844662,DR
Ngozi Nwafor,Moniepoint,145000.9,WEB/PAYSTACK/REF-TXN-XXX/SES:999260867102879314096841429999,CR
Obiora Eze,Stanbic,990.4,NIP/REVERSAL/999260644952753249663771867018321/REF:TXN-008,DR
Chidera Nwoko,Wema,35000.0,TRF FROM NIBSS_PAY_999260956625271878649861278659/SES:TXN-009,CR
Amina Abubakar,Polaris,120000.6,POS/PURCHASE/LAGOS/999260579383747517718038947753,CR
Ifeoma Chukwu,Fidelity,2700.25,WEB/PAYSTACK/REF-TXN-XXX/SES:999260774019491404125427298051,DR
Habiba Musa,Union,74000.1,NIP/REVERSAL/999260146436825344359867567297999/REF:TXN-012,CR
Yakubu Ibrahim,Sterling,5600.8,TRF FROM NIBSS_PAY_999260528599800455397166681000/SES:TXN-013,DR
Zainab Adebisi,FCMB,41000.55,POS/PURCHASE/LAGOS/999260818644186514513858373467,CR
Oluwadamilola Adeyemi,Zenith,155000.0,WEB/PAYSTACK/REF-TXN-XXX/SES:999260310325582435671119431247,CR
Nkiru Obi,GTBank,9200.95,NIP/REVERSAL/999260558843742492853712063936555/REF:TXN-016,DR
Ibrahim Yakubu,UBA,600.0,TRF FROM NIBSS_PAY_999260272567684695040708444411/SES:TXN-017,CR
Chukwuemeka Osei,FirstBank,9999.99,POS/PURCHASE/LAGOS/999260173949093915050194053689,DR
Ayoola Funke,Kuda,250000.0,WEB/PAYSTACK/REF-TXN-XXX/SES:999260394030947399330954541692,CR
Adejoke Adeyemi,Zenith,125000.5,NIP/REVERSAL/999260057272097343293885691908/REF:TXN-ALPHA,DR
Chidinma Nwosu,GTBank,9800.75,TRF FROM NIBSS_PAY_999260884665290629868259517450/SES:TXN-BETA,CR
Ifeanyi Okafor,UBA,56000.0,POS/PURCHASE/LAGOS/999260629411019078360140621028,DR
Amina Bello,FirstBank,230000.2,WEB/PAYSTACK/REF-TXN-DELTA/SES:999260563568754773774299698000,CR
Funmi Adeyemi,Kuda,7500.0,NIP/REVERSAL/999260285437242016479108298159/REF:TXN-ECHO,DR
Chike Obi,OPay,150000.9,TRF FROM NIBSS_PAY_999260854534919940850767274095/SES:TXN-ZETA,CR
Ladi Oluwasegun,Moniepoint,32000.25,POS/PURCHASE/LAGOS/999260991441931487701927981049,DR
Ngozi Eze,Stanbic,41000.0,WEB/PAYSTACK/REF-TXN-ETA/SES:999260269833750225989214786499,CR
Chimaobi Nwokolo,Wema,2600.99,NIP/REVERSAL/999260644981190726359309785793222/REF:TXN-FOXTROT,DR
Amina Musa,Polaris,99000.0,TRF FROM NIBSS_PAY_999260605268624536257861556318/SES:TXN-GAMMA,CR
Ibukun Adedoyin,Fidelity,510000.0,POS/PURCHASE/LAGOS/999260687768443500276971671825,DR
Danjuma Yusuf,Union,8500.5,WEB/PAYSTACK/REF-TXN-THETA/SES:999260069292051772227460933405,CR
Rukayat Salawu,Sterling,125000.0,NIP/REVERSAL/999260121763173961803297490505999/REF:TXN-INDIA,DR
Chijioke Ezeani,FCMB,43000.75,TRF FROM NIBSS_PAY_999260906543369110266386112024/SES:TXN-KILO,CR
Sekinat Kolawole,Zenith,62000.4,POS/PURCHASE/LAGOS/999260284683136050572972264149,DR
Ayo Adebola,GTBank,31000.1,WEB/PAYSTACK/REF-TXN-LAMBDA/SES:999260017876117722108455265958,CR
Nneka Okoye,Access,21500.0,NIP/REVERSAL/999260042349586555203315322443666/REF:TXN-MIKE,DR
Usman Abdullahi,UBA,52000.75,TRF FROM NIBSS_PAY_999260939403060480567352429167/SES:TXN-NOVA,CR
Adebisi Afolabi,FirstBank,105000.5,POS/PURCHASE/LAGOS/999260039947644457942348997917,DR
Ifedayo Ogunleye,Polaris,48000.0,WEB/PAYSTACK/REF-TXN-OMEGA/SES:999260965981248113542075067185,CR
Adebayo Adekunle,GTBank,12500.75,NIP/REVERSAL/999260942812818312329897123380/REF:TXN-ALPHA,CR
Chukwuma Emeka,Zenith,230000.0,TRF FROM NIBSS_PAY_999260041306985096404474264362/SES:TXN-OMEGA,CR
Ngozi Nwankwo,FirstBank,9800.5,POS/PURCHASE/LAGOS/999260968432010420710346758052,DR
Amina Ibrahim,Wema,150000.0,WEB/PAYSTACK/REF-TXN-XYZ/SES:999260034509853472138006085015,CR
Funke Adeoye,Polaris,5400.1,NIP/REVERSAL/999260398773358617282796961906888/REF:TXN-BETA,DR
Chinyere Okafor,Fidelity,76000.25,TRF FROM NIBSS_PAY_999260916842615942116535244528/SES:TXN-GAMMA,CR
Yakubu Bello,Stanbic,410000.0,POS/PURCHASE/LAGOS/999260333080626511627174692890,DR
Oluwaseun Adekoya,Zenith,33550.6,WEB/PAYSTACK/REF-TXN-ABC/SES:999260469957377051508340127572,CR
Chuka Okoye,UBA,23000.0,NIP/REVERSAL/999260264459548615140699713449888/REF:TXN-DELTA,CR
Amina Yusuf,Access,9900.99,TRF FROM NIBSS_PAY_999260355299368324442847182513/SES:TXN-ETA,DR
Olaide Adedayo,Moniepoint,120000.0,POS/PURCHASE/LAGOS/999260588418460426078338524380,CR
Chidi Nwosu,Sterling,7500.5,WEB/PAYSTACK/REF-TXN-DEF/SES:999260705285408881458759605723,DR
Aminu Musa,GTBank,51000.0,NIP/REVERSAL/999260326794164136636909920996222/REF:TXN-GAMMA,CR
Chukwuemeka Obi,OPay,1990.75,TRF FROM NIBSS_PAY_999260205733790431732357991768/SES:TXN-HI,DR
Binta Hassan,Union,8200.0,POS/PURCHASE/LAGOS/999260033349174310210229640967,CR
Adebowale Akinyele,Kuda,6000.2,WEB/PAYSTACK/REF-TXN-GHI/SES:999260550010212520281433553827,DR
Funmi Adeyemo,Zenith,145000.0,NIP/REVERSAL/999260351164724933228881657405000/REF:TXN-JAVA,CR
Farouk Ibrahim,Polaris,26000.4,TRF FROM NIBSS_PAY_999260999370434272388191168013/SES:TXN-KAPPA,CR
Ifedayo Ogun,FCMB,31500.75,POS/PURCHASE/LAGOS/999260017201040806712891583698,DR
Adebayo Adebola,Zenith,12500.5,NIP/REVERSAL/999260434990076597706105623505/REF:TXN-001,DR
Chukwuma Emeka,GTBank,9800.0,TRF FROM NIBSS_PAY_999260358628571968654755517843/SES:TXN-002,CR
Ngozi Nneka,Access,56000.75,POS/PURCHASE/LAGOS/999260961638315206767089791038,DR
Amina Ibrahim,UBA,230000.0,WEB/PAYSTACK/REF-TXN-XXX/SES:999260221536278123691027748723,CR
Funmilayo Adekunle,FirstBank,4500.25,NIP/REVERSAL/999260844712320416974714447767/REF:TXN-005,DR
Yakubu Bello,Kuda,120000.0,TRF FROM NIBSS_PAY_999260567207718445015396904346/SES:TXN-006,CR
Chidinma Okafor,OPay,7600.9,POS/PURCHASE/LAGOS/999260652883037428838240998428,DR
Oluwaseun Adebiyi,Moniepoint,990.4,WEB/PAYSTACK/REF-TXN-XXX/SES:999260846680511044730635006577,CR
Ifeoma Nwosu,Stanbic,150000.0,NIP/REVERSAL/999260544179158068613845347335/REF:TXN-009,DR
Rasheed Ibrahim,Wema,21000.0,TRF FROM NIBSS_PAY_999260637724149730631415193315/SES:TXN-010,CR
Amina Musa,Polaris,300000.5,POS/PURCHASE/LAGOS/999260548671684309492105785964,DR
Fatima Bello,Fidelity,4550.75,WEB/PAYSTACK/REF-TXN-XXX/SES:999260438983452088589659015841,CR
Chima Obi,Union,6200.0,NIP/REVERSAL/999260556785915163124219548940/REF:TXN-013,DR
Adeniyi Adeyemi,Sterling,99999.99,TRF FROM NIBSS_PAY_999260371489405357423119302214/SES:TXN-014,CR
Zainab Abdullahi,FCMB,7800.5,POS/PURCHASE/LAGOS/999260588039896911177475697611,DR
Chinyere Eze,Zenith,54000.0,WEB/PAYSTACK/REF-TXN-XXX/SES:999260328748239997346949838445,CR
Aliyu Garba,GTBank,1010.0,NIP/REVERSAL/999260457270075319241412445034/REF:TXN-017,DR
Ngozi Okoye,UBA,41000.25,TRF FROM NIBSS_PAY_999260301203970866901017821308/SES:TXN-018,CR
Tunde Adewale,FirstBank,2600.75,POS/PURCHASE/LAGOS/999260953947262985836363972948,DR
Lydia Nnamdi,Moniepoint,132000.0,WEB/PAYSTACK/REF-TXN-XXX/SES:999260664440415242991275563256,CR
Adebayo Oladipupo,Zenith,128000.75,NIP/REVERSAL/999260024155276607610664170960/REF:TXN-ALPHA0001,CR
Chukwuemeka Nwosu,GTBank,52000.2,TRF FROM NIBSS_PAY_999260659050747615033694198850/SES:TXN-ALPHA0002,CR
Amina Yusuf,Access,305000.0,POS/PURCHASE/LAGOS/999260495522508794382861881306,DR
Ngozi Okafor,UBA,6500.55,WEB/PAYSTACK/REF-TXN-ALPHA/SES:999260405950466476615856370539,CR
Oluwaseun Adeyemi,FirstBank,98000.0,NIP/REVERSAL/999260019161217915632564196821/REF:TXN-ALPHA0003,CR
Chinyere Ikeokwu,Kuda,2400.9,TRF FROM NIBSS_PAY_999260676254184220724146849523/SES:TXN-ALPHA0004,DR
Musa Bello,OPay,155000.25,POS/PURCHASE/LAGOS/999260426610046782289160489356,CR
Fatima Ibrahim,Moniepoint,69000.1,WEB/PAYSTACK/REF-TXN-ALPHA/SES:999260734289940246405875838987,DR
Aminat Adekunle,Stanbic,41000.5,NIP/REVERSAL/999260344075059961587194488290/REF:TXN-ALPHA0005,CR
Yakubu Yusuf,Wema,275000.0,TRF FROM NIBSS_PAY_999260240606579156915116648150/SES:TXN-ALPHA0006,CR
Chukwudi Okoye,Polaris,9900.99,POS/PURCHASE/LAGOS/999260180502478736561645318510,DR
Ngozi Nwaneri,Fidelity,120000.4,WEB/PAYSTACK/REF-TXN-ALPHA/SES:999260592435651124157283355622,CR
Chima Nwoko,Union,5100.75,NIP/REVERSAL/999260820959234344292658970525000/REF:TXN-ALPHA0007,CR
Adanna Nwabuike,Sterling,23000.3,TRF FROM NIBSS_PAY_999260502786709568693127285695/SES:TXN-ALPHA0008,DR
Sani Abubakar,FCMB,87000.6,POS/PURCHASE/LAGOS/999260791075929086391451262563,CR
Ifeoma Eze,Zenith,4300.25,WEB/PAYSTACK/REF-TXN-ALPHA/SES:999260903519760973386376693126,DR
Khadija Bello,GTBank,360000.0,NIP/REVERSAL/999260337364299961386851485177000/REF:TXN-ALPHA0009,CR
Emeka Nwachukwu,UBA,14950.95,TRF FROM NIBSS_PAY_999260837209366616690079436122/SES:TXN-ALPHA0010,DR
Tinubu Adebola,FirstBank,27550.0,POS/PURCHASE/LAGOS/999260203943465459099740661424,CR
Aisha Garba,Polaris,990.75,WEB/PAYSTACK/REF-TXN-ALPHA/SES:999260794760988715527880456506,DR
Adebayo Adekunle,Zenith,125000.0,NIP/REVERSAL/999260303889318378704503346399/REF:TXN-000001,CR
Chukwuemeka Nnaemeka,GTBank,98000.5,TRF FROM NIBSS_PAY_999260124168031725325062611707/SES:TXN-000002,CR
Amina Musa,Access,54000.75,POS/PURCHASE/LAGOS/999260814268144418738524596228,DR
Ngozi Chukwu,UBA,210000.0,WEB/PAYSTACK/REF-TXN-XXX/SES:999260391693660921008209781646,CR
Olusoga Funmi,FirstBank,310250.1,NIP/REVERSAL/999260404516860812335672716473/REF:TXN-000003,CR
Chinedu Okeke,Kuda,7600.0,TRF FROM NIBSS_PAY_999260920004093522926141534939/SES:TXN-000004,DR
Adewale Adeyemi,OPay,42000.25,POS/PURCHASE/LAGOS/999260319490627735070736588358,DR
Zainab Bello,Moniepoint,150000.0,WEB/PAYSTACK/REF-TXN-XXX/SES:999260555809287126728726102245,CR
Ifeanyi Eze,Stanbic,99000.0,NIP/REVERSAL/999260492696934010870176605072/REF:TXN-000005,CR
Fatima Ibrahim,Wema,65000.55,TRF FROM NIBSS_PAY_999260613545798780282119934610/SES:TXN-000006,DR
Chibuzo Obi,Polaris,230000.0,POS/PURCHASE/LAGOS/999260671520994579671310485428,CR
Ifunanya Nwafor,Fidelity,540000.0,WEB/PAYSTACK/REF-TXN-XXX/SES:999260702278023539348746529270,CR
Yakubu Musa,Union,78000.3,NIP/REVERSAL/999260692994537686362056163637/REF:TXN-000007,DR
Abdullahi Farouk,Sterling,120000.0,TRF FROM NIBSS_PAY_999260962757372332379032157553/SES:TXN-000008,CR
Chidinma Okafor,FCMB,51000.9,POS/PURCHASE/LAGOS/999260069697106046503051061544,DR
Oluwadamilola Adeoye,Zenith,275000.0,WEB/PAYSTACK/REF-TXN-XXX/SES:999260834538933467840149874067,CR
Nneka Nwosu,GTBank,102500.45,NIP/REVERSAL/999260909364195898531010516161888/REF:TXN-000009,CR
Habib Buba,UBA,86000.0,TRF FROM NIBSS_PAY_999260761949783609045951077066/SES:TXN-000010,DR
Sophie Chukwu,Polaris,30000.0,POS/PURCHASE/LAGOS/999260229858213446048204999245,DR
Bereket Osei,FirstBank,410000.25,WEB/PAYSTACK/REF-TXN-XXX/SES:999260593267490218327327281147,CR
Adebayo Oluwasegun,Zenith,12500.75,NIP/REVERSAL/999260453968666999038703460378/REF:TXN-ABR001,DR
Chukwuma Nnanna,GTBank,9800.0,TRF FROM NIBSS_PAY_999260599891936621979358726507/SES:TXN-TRF002,CR
Ngozi Ifeoma,Access,250000.5,POS/PURCHASE/LAGOS/999260105809786768899803661890,DR
Fatima Musa,UBA,7600.3,WEB/PAYSTACK/REF-TXN-XXX/SES:999260817611672628405136779168,CR
Amina Abubakar,FirstBank,43000.1,NIP/REVERSAL/999260014818290154889603809002/REF:TXN-ABF005,DR
Oluwaseun Adebayo,Kuda,1500.0,TRF FROM NIBSS_PAY_999260675137868235564258021584/SES:TXN-TRF006,CR
Chinyere Nweke,OPay,99999.99,POS/PURCHASE/LAGOS/999260965823268662412121742828,DR
Ifeanyi Okafor,Moniepoint,120000.0,WEB/PAYSTACK/REF-TXN-XXX/SES:999260164252665603858718143171,CR
Idris Yakubu,Stanbic,5600.75,NIP/REVERSAL/999260778473308879754166576479/REF:TXN-STR009,DR
Chukwuemeka Obi,Wema,3200.0,TRF FROM NIBSS_PAY_999260555136114297223131592422/SES:TXN-TRF010,CR
Adetola Adeyemi,Polaris,275000.0,POS/PURCHASE/LAGOS/999260054007030021695792328388,DR
Funke Oladapo,Fidelity,4500.25,WEB/PAYSTACK/REF-TXN-XXX/SES:999260620700166212254382983846,CR
Chima Nwosu,Union,8600.0,NIP/REVERSAL/999260467720561763223293708055/REF:TXN-UNN012,DR
Amina Ibrahim,Sterling,21000.4,TRF FROM NIBSS_PAY_999260029381265757963246237773/SES:TXN-TRF013,CR
Chukwuka Eze,FCMB,9999.99,POS/PURCHASE/LAGOS/999260554584467243140092800453,DR
Yakubu Suleiman,Zenith,54000.0,WEB/PAYSTACK/REF-TXN-XXX/SES:999260929098291736487410600738,CR
Amina Bello,GTBank,30500.75,NIP/REVERSAL/999260838919692604942302711731/REF:TXN-ABR016,DR
Ngozi Chidinma,UBA,6800.0,TRF FROM NIBSS_PAY_999260127578312687919824863951/SES:TXN-TRF017,CR
Hauwa Aisha,FirstBank,99000.2,POS/PURCHASE/LAGOS/999260240823268215419243802823,DR
Chinedu Okeke,Kuda,2100.5,WEB/PAYSTACK/REF-TXN-XXX/SES:999260781512427350356896027907,CR
Olumide Adebayo,Zenith,123450.75,NIP/REVERSAL/999260703884464425381979335282/REF:TXN-987654321012345,CR
Chimaobi Chukwuma,GTBank,56000.0,TRF FROM NIBSS_PAY_999260439919296441706725041410/SES:TXN-ABC123,CR
Ngozi Chinyere,Access,9800.5,POS/PURCHASE/LAGOS/999260875805453745154825053681,DR
Amina Musa,UBA,250000.0,WEB/PAYSTACK/REF-TXN-XYZ/SES:999260122324037248711369413516,CR
Olatunde Adetola,FirstBank,150000.25,NIP/REVERSAL/999260656712640289369977859236/REF:TXN-222333444,CR
Fatima Yakubu,Kuda,4200.75,POS/PURCHASE/ABUJA/999260867478926104276980755040,DR
Aisha Chinyere,OPay,76000.4,TRF FROM NIBSS_PAY_999260019542837926234430127696/SES:TXN-PRQ112,CR
Ifeoma Obiora,Moniepoint,33000.1,WEB/PAYSTACK/REF-TXN-DEF/SES:999260382377656164934881240434,DR
Sadiya Amina,Stanbic,210000.0,NIP/REVERSAL/999260646145484467596672603124555/REF:TXN-678901234,CR
Daniel Chukwuka,Wema,9999.99,POS/PURCHASE/LAGOS/999260249738841045472503643552,DR
Ifeanyi Chukwu,Polaris,120000.5,WEB/PAYSTACK/REF-TXN-UVW/SES:999260080504287502824375863467,CR
Binta Amina,Fidelity,510000.0,NIP/REVERSAL/999260545155385450419983308535999/REF:TXN-556677889,CR
Mohammed Musa,Union,8000.25,TRF FROM NIBSS_PAY_999260147815949900067687228494/SES:TXN-LOT1,DR
Zainab Fatima,Sterling,2700.0,POS/PURCHASE/LAGOS/999260623993480534873325356100,DR
Usman Adebayo,FCMB,64500.75,WEB/PAYSTACK/REF-TXN-XYZ/SES:999260941077207740569034949107,CR
Chukwuemeka Obiora,Zenith,38500.0,NIP/REVERSAL/999260752175659610046636885254222/REF:TXN-334455,CR
Khadija Ngozi,GTBank,19999.95,TRF FROM NIBSS_PAY_999260618381749880833308541519/SES:TXN-TRF77,DR
Adenike Oluwaseun,Union,64000.3,POS/PURCHASE/LAGOS/999260511778803240825437480626,CR
Abdulrahman Musa,FirstBank,99999.99,WEB/PAYSTACK/REF-TXN-ABC/SES:999260119305206461960185267866,DR
Nkechi Chuka,Polaris,67000.6,NIP/REVERSAL/999260111766111188552168215493333/REF:TXN-101112,CR
Adebayo Adekunle,Zenith,152300.75,NIP/REVERSAL/999260444077142646330189321036/REF:TXN-AXY001,CR
Chukwuma Ifeanyi,GTBank,9800.5,TRF FROM NIBSS_PAY_999260847966767012722346279082/SES:TXN-RTN,DR
Amina Bello,Access,45000.0,POS/PURCHASE/LAGOS/999260417188437455588924260602,DR
Olufunke Adeyemi,FirstBank,320000.2,WEB/PAYSTACK/REF-TXN-XYZ/SES:999260786064641129182426704613,CR
Ngozi Chukwu,UBA,125000.95,NIP/REVERSAL/999260575101316342412680051597/REF:TXN-DEF,CR
 Musa Ibrahim,Kuda,7600.3,TRF FROM NIBSS_PAY_999260662178277860353530394934/SES:TXN-UVW,DR
Chinyere Nwoko,OPay,210000.0,POS/PURCHASE/LAGOS/999260640749617695865843261983,CR
Adamu Bello,Moniepoint,99000.4,WEB/PAYSTACK/REF-TXN-ABC/SES:999260148798165586599837187938,CR
Funmi Ojo,Stanbic,5400.75,NIP/REVERSAL/999260458483399482420444163925333/REF:TXN-GHI,DR
Ifeoma Eze,Wema,30550.0,TRF FROM NIBSS_PAY_999260947119248973314045098235/SES:TXN-JKL,CR
Aminu Sani,Polaris,132000.6,POS/PURCHASE/LAGOS/999260713642894235811653091335,DR
Grace Chukwu,Fidelity,275000.0,WEB/PAYSTACK/REF-TXN-DEF/SES:999260845688279976957645194506,CR
Kadijat Yusuf,Union,41000.25,NIP/REVERSAL/999260728908553014875356951875222/REF:TXN-PRN,DR
Suleiman Musa,Sterling,76000.0,TRF FROM NIBSS_PAY_999260855186510522615779977082/SES:TXN-STU,CR
Adeleke Segun,FCMB,198500.45,POS/PURCHASE/LAGOS/999260098970893051825516269573,CR
Zainab Abubakar,Zenith,64000.9,WEB/PAYSTACK/REF-TXN-UVW/SES:999260906351359592305709126256,DR
Chiamaka Okafor,GTBank,15250.0,NIP/REVERSAL/999260003761134497433536745824123/REF:TXN-MNO,CR
Binta Ibrahim,UBA,87500.1,TRF FROM NIBSS_PAY_999260384651439476969697736138/SES:TXN-PQR,CR
Emeka Nwosu,Kuda,5400.0,POS/PURCHASE/LAGOS/999260094313988634090080860813,DR
Maryam Danladi,OPay,19999.99,WEB/PAYSTACK/REF-TXN-XYZ/SES:999260746101357953313206623640,CR
Adebayo Ayodele,Zenith,12800.5,NIP/REVERSAL/999260669377956266209155526500/REF:TXN-ALFA,CR
Chukwuma Ifeanyi,GTBank,56000.75,TRF FROM NIBSS_PAY_999260647368441067028464745612/SES:TXN-DEL,CR
Ngozi Chioma,Access,2100.0,POS/PURCHASE/LAGOS/999260812197774076588652479273,DR
Amina Yakubu,UBA,320000.0,WEB/PAYSTACK/REF-TXN-XYZ/SES:999260062023943124614302259549,CR
Funke Adebisi,FirstBank,4500.25,NIP/REVERSAL/999260887821920433105779661208/REF:TXN-OMEGA,DR
Chinedu Obinna,Kuda,750.0,TRF FROM NIBSS_PAY_999260305156513104257407395511/SES:TXN-BETA,CR
Hassan Bello,OPay,98000.1,POS/PURCHASE/LAGOS/999260160656446747639654283263,DR
Ifeoma Nnadi,Moniepoint,125000.0,WEB/PAYSTACK/REF-TXN-ABC/SES:999260511996459428101230875077,CR
Abubakar Musa,Stanbic,60000.0,NIP/REVERSAL/999260237019369597820220941774345/REF:TXN-THETA,DR
Aisha Danjuma,Wema,990.99,TRF FROM NIBSS_PAY_999260890612723229509168883172/SES:TXN-DELTA,CR
Kudirat Adeyemi,Polaris,2050.5,POS/PURCHASE/LAGOS/999260094976774079873341101542,DR
Chinyere Okafor,Fidelity,43000.0,WEB/PAYSTACK/REF-TXN-DEF/SES:999260564167747536177869134251,CR
Oluwaseun Adegbite,Union,120000.0,NIP/REVERSAL/999260136292818617197731954388333/REF:TXN-GAMMA,CR
Amina Ibrahim,Sterling,760.8,TRF FROM NIBSS_PAY_999260030524296221977188655732/SES:TXN-ETA,DR
Idris Abdullahi,FCMB,5400.4,POS/PURCHASE/LAGOS/999260891027925805102071418291,CR
Grace Chukwu,Zenith,31110.0,WEB/PAYSTACK/REF-TXN-GHI/SES:999260573555746927593126053159,DR
Yusuf Suleiman,GTBank,9800.0,NIP/REVERSAL/999260756622199524116289331144888/REF:TXN-ZETA,CR
Rukaiya Lawal,UBA,1500.75,TRF FROM NIBSS_PAY_999260701881977699808674615647/SES:TXN-OMEGA,DR
Chukwuemeka Eze,FirstBank,78000.3,POS/PURCHASE/LAGOS/999260412843985022401145651011,CR
Adebayo Olusoga,Zenith,125000.75,NIP/REVERSAL/999260196483239633460371672286/REF:TXN-ABR001,CR
Chukwuma Obi,GTBank,9800.0,TRF FROM NIBSS_PAY_999260148886438624839690345955/SES:TXN-CHJ002,DR
Ngozi Nwafor,Access,250000.5,POS/PURCHASE/LAGOS/999260270679548197930857088866,DR
Amina Bello,UBA,75000.0,WEB/PAYSTACK/REF-TXN-XXX/SES:999260956219837103825500723156,CR
Oluwaseun Adeyemi,FirstBank,32000.25,NIP/REVERSAL/999260350787068493527689595447/REF:TXN-ABR005,CR
Fatima Ibrahim,Kuda,410000.1,TRF FROM NIBSS_PAY_999260888577019954110655530650/SES:TXN-CHJ006,CR
Chinyere Eze,OPay,155000.0,POS/PURCHASE/LAGOS/999260087671285533747666143629,DR
Muhammad Yakubu,Moniepoint,99999.99,WEB/PAYSTACK/REF-TXN-XXX/SES:999260199000564840606546667745,CR
Kunle Adewole,Stanbic,18750.75,NIP/REVERSAL/999260881048885290801075971739/REF:TXN-ABR009,DR
Zainab Abdullahi,Wema,6000.6,TRF FROM NIBSS_PAY_999260060855127108151756956129/SES:TXN-CHJ010,CR
Emeka Nwosu,Polaris,54000.0,POS/PURCHASE/LAGOS/999260595219863733277199946012,DR
Amina Musa,Fidelity,215000.3,WEB/PAYSTACK/REF-TXN-XXX/SES:999260188404368546399975132223,CR
Ifeanyi Okafor,Union,30500.45,NIP/REVERSAL/999260337734587850296348652096/REF:TXN-ABR013,CR
Maryam Farouk,Sterling,132000.0,TRF FROM NIBSS_PAY_999260806666195566655068110515/SES:TXN-CHJ014,DR
Chukwuemeka Nwankwo,FCMB,4500.99,POS/PURCHASE/LAGOS/999260684183349742924541551394,CR
Suleiman Ibrahim,Zenith,78000.0,WEB/PAYSTACK/REF-TXN-XXX/SES:999260065454338787789332091909,DR
Aisha Bello,GTBank,56000.4,NIP/REVERSAL/999260162986681549808102123912/REF:TXN-ABR017,CR
Kelvin Chukwu,UBA,9900.0,TRF FROM NIBSS_PAY_999260535499826182035831090245/SES:TXN-CHJ018,DR
Rabiat has,Polaris,210000.0,POS/PURCHASE/LAGOS/999260517278840997117723753622,CR
Adebayo Oluwafemi,Zenith,12000.5,NIP/REVERSAL/999260447925059364520249395068/REF:TXN-ALF01,CR
Chukwuma Ifeanyi,GTBank,235000.75,TRF FROM NIBSS_PAY_999260381348822454215843357430/SES:TXN-ALF02,CR
Chinyere Nnenna,Access,7800.0,POS/PURCHASE/LAGOS/999260961746647866847640160835,DR
Amina Musa,UBA,56000.25,WEB/PAYSTACK/REF-TXN-ALF/SES:999260264554287249627654369673,CR
Oluwasegun Adeyemi,FirstBank,150000.0,NIP/REVERSAL/999260832615580286429341805124/REF:TXN-ALF05,DR
Fatima Ibrahim,Kuda,3200.4,TRF FROM NIBSS_PAY_999260223652615589909543615079/SES:TXN-ALF06,CR
Yakubu Bello,OPay,99000.99,POS/PURCHASE/LAGOS/999260334844702921770421486033,DR
Ngozi Chukwu,Moniepoint,4100.5,WEB/PAYSTACK/REF-TXN-ALF/SES:999260256712501617352707090223,CR
Amina Abubakar,Stanbic,27500.0,NIP/REVERSAL/999260391911084124141204498680333/REF:TXN-ALF09,DR
Chidi Nwoko,Wema,6600.6,TRF FROM NIBSS_PAY_999260319465132615015405422311/SES:TXN-ALF10,CR
Ifeoma Nkiru,Polaris,185000.0,POS/PURCHASE/LAGOS/999260225751197673855892081866,DR
Sani Idris,Fidelity,10250.75,WEB/PAYSTACK/REF-TXN-ALF/SES:999260291626699107822848904193,CR
Amara Chigozie,Union,41000.1,NIP/REVERSAL/999260796819613696122485493887666/REF:TXN-ALF13,DR
Jide Olayinka,Sterling,5400.0,TRF FROM NIBSS_PAY_999260239695266071601487931912/SES:TXN-ALF14,CR
Zainab Musa,FCMB,76000.35,POS/PURCHASE/LAGOS/999260103966619967621722950530,DR
Ifeanyi Chibuike,Zenith,125000.0,WEB/PAYSTACK/REF-TXN-ALF/SES:999260577028773580885817114480,CR
Nnena Okafor,GTBank,9800.2,NIP/REVERSAL/999260599110253417559654755535123/REF:TXN-ALF17,DR
Aliyu Ibrahim,UBA,30500.0,TRF FROM NIBSS_PAY_999260296014297177573151680013/SES:TXN-ALF18,CR
Tope Adekunle,FirstBank,2400.75,POS/PURCHASE/LAGOS/999260966263907441703828208420,DR
Ngozi Chukwuemeka,Kuda,51000.0,WEB/PAYSTACK/REF-TXN-ALF/SES:999260745474849163983653152671,CR
Adebayo Adeyemi,Zenith,125000.5,NIP/REVERSAL/999260940043560833008782773926/REF:TXN-ALFA,CR
Chukwuma Emeka,GTBank,54000.75,TRF FROM NIBSS_PAY_999260565052145598941201490728/SES:TXN-OMEGA,CR
Chinyere Okafor,Access,9800.0,POS/PURCHASE/LAGOS/999260176810012861626014218533,DR
Fatima Bello,UBA,31250.3,WEB/PAYSTACK/REF-TXN-DELTA/SES:999260344892876393899370839470,CR
Amina Ibrahim,FirstBank,7600.99,NIP/REVERSAL/999260679730687404563463696382/REF:TXN-ALPH,DR
Musa Abdullahi,Kuda,225000.0,TRF FROM NIBSS_PAY_999260245422588803264161735621/SES:TXN-BETA,CR
Oluwaseun Adeoye,OPay,150000.25,POS/PURCHASE/LAGOS/999260478215687650914164392774,CR
Ngozi Eze,Moniepoint,32000.8,WEB/PAYSTACK/REF-TXN-GAMMA/SES:999260411656518539559546811681,DR
Obiora Nwosu,Stanbic,450000.0,NIP/REVERSAL/999260170379966911327546276829/REF:TXN-DELTA,CR
Adebisi Oladunni,Wema,9900.15,TRF FROM NIBSS_PAY_999260017370829367414414931845/SES:TXN-EPSILON,DR
Kadijat Suleiman,Polaris,8000.6,POS/PURCHASE/LAGOS/999260033711239229187589577195,DR
Chimamanda Nwachukwu,Fidelity,21000.4,WEB/PAYSTACK/REF-TXN/ZETA/SES:999260616986192615673421242070,CR
Rabi Yahya,Union,47000.0,NIP/REVERSAL/999260196326449953528984756256333/REF:TXN-OMEGA,DR
Ifeanyi Okeke,Sterling,5600.25,TRF FROM NIBSS_PAY_999260888500046831205111055832/SES:TXN-LAMBDA,CR
Sadiya Musa,FCMB,128000.8,POS/PURCHASE/LAGOS/999260841968931695142972095752,CR
Uchechi Nwabueze,Zenith,62000.1,WEB/PAYSTACK/REF-TXN/ETA/SES:999260706583113268854495626141,DR
Ikem Chukwu,GTBank,102000.65,NIP/REVERSAL/999260480458382656684749032983222/REF:TXN-OMEGA,CR
Zainab Abubakar,FirstBank,24000.0,TRF FROM NIBSS_PAY_999260292016011952516965962166/SES:TXN-THETA,DR
Emeka Nnaji,Polaris,99999.99,POS/PURCHASE/LAGOS/999260573149943907144156294866,CR
Adebayo Ifeoluwa,Zenith,128450.75,NIP/REVERSAL/999260163902662922935961898449/REF:TXN-ALPHA,CR
Chukwuma Okoye,GTBank,9999.5,TRF FROM NIBSS_PAY_999260734131555043531023065864/SES:TXN-DELTA,CR
Amina Bello,Access,54000.0,POS/PURCHASE/LAGOS/999260098227145502724997458920,DR
Ngozi Nwoko,UBA,250000.0,WEB/PAYSTACK/REF-TXN-XYZ/SES:999260519575596774844540194562,CR
Oluwasegun Ade,FirstBank,7600.25,NIP/REVERSAL/999260594813616223987465773048/REF:TXN-BETA,DR
Chidinma Eze,Kuda,31250.99,TRF FROM NIBSS_PAY_999260397950833214065689480768/SES:TXN-GAMMA,CR
Yusuf Ibrahim,OPay,89000.1,POS/PURCHASE/LAGOS/999260883253698667966601512164,DR
Funmi Adeyemi,Moniepoint,4200.0,WEB/PAYSTACK/REF-TXN-ABC/SES:999260962046775015854407546644,CR
Ifeoma Chukwudi,Stanbic,150000.0,NIP/REVERSAL/999260056598600033843244479026/REF:TXN-EPSILON,CR
Ahmed Musa,Wema,30000.0,TRF FROM NIBSS_PAY_999260968798099020901235012950/SES:TXN-ZETA,DR
Aminu Musa,Polaris,9900.75,POS/PURCHASE/LAGOS/999260322685547958465164702007,CR
Grace Nwosu,Fidelity,51000.0,WEB/PAYSTACK/REF-TXN-DEF/SES:999260559430229941748155558887,DR
Olaitan Aina,Union,204500.5,NIP/REVERSAL/999260657836908445288683527677999/REF:TXN-OMEGA,CR
Sulaiman Abdullahi,Sterling,76000.0,TRF FROM NIBSS_PAY_999260285646342194380353630186/SES:TXN-THETA,DR
Kadence Ojo,FCMB,125000.25,POS/PURCHASE/LAGOS/999260044152852806489286963171,CR
Chinyere Okafor,Zenith,68000.0,WEB/PAYSTACK/REF-TXN-GHI/SES:999260959340107845548591916217,DR
Abdullahi Ibrahim,GTBank,45500.4,NIP/REVERSAL/999260759006370462005298319747222/REF:TXN-IOTA,CR
Amina Adesoya,FirstBank,74000.0,TRF FROM NIBSS_PAY_999260083822411618285889618789/SES:TXN-KAPPA,DR
Nkiru Obi,UBA,28950.25,POS/PURCHASE/LAGOS/999260495246274417984526293849,CR
Hassan Bello,Wema,60500.0,WEB/PAYSTACK/REF-TXN-XXX/SES:999260632739336913292586813331,DR
Adeboye Oluwasegun,Zenith,128000.5,NIP/REVERSAL/999260497186370214111485833284/REF:TXN-087,CR
Chinedu Okafor,GTBank,75000.0,TRF FROM NIBSS_PAY_999260844046472262231652564876/SES:TXN-089,CR
Amina Musa,Fidelity,230000.75,POS/PURCHASE/LAGOS/999260381754081266915572153383,DR
Funke Adebayo,FirstBank,5600.2,WEB/PAYSTACK/REF-TXN-XYZ/SES:999260110993163487177631277047,DR
Emeka Okwuosa,UBA,41000.0,NIP/REVERSAL/999260456725349131412051315351/REF:TXN-092,CR
Grace Chukwu,Wema,98000.35,TRF FROM NIBSS_PAY_999260392710653040961434108164/SES:TXN-093,CR
Idris Yakubu,Polaris,150000.0,POS/PURCHASE/LAGOS/999260789585675596605835962155,DR
Ngozi Chikwendu,Zenith,3000.0,WEB/PAYSTACK/REF-TXN-ABC/SES:999260614590036195622025275729,CR
Chiweto Chinedu,GTBank,255000.9,NIP/REVERSAL/999260083397283213344154224592/REF:TXN-095,CR
Aisha Bello,Access,62000.4,TRF FROM NIBSS_PAY_999260319308459934813507106234/SES:TXN-096,DR
Ifeanyi Nwankwo,UBA,199999.99,POS/PURCHASE/LAGOS/999260961800136015124345715569,CR
Rasheed Ibrahim,Moniepoint,5200.0,NIP/TXN/999260664919626306494128174073/REF:AUTO-GEN,DR
Yusuf Suleiman,Sterling,76000.1,NIP/REVERSAL/999260364207463070117730412371/REF:TXN-098,CR
Chinyere Obi,FCMB,88000.55,TRF FROM NIBSS_PAY_999260930614933590334938800389/SES:TXN-099,DR
Oluwaseyi Adebiyi,Union,145000.0,POS/PURCHASE/LAGOS/999260970871882133511793439755,CR
Fatima Bello,Kuda,40500.0,NIP/TXN/999260036110673116061736322182/REF:AUTO-GEN,CR
Olamide Adeyemi,Stanbic,9900.25,NIP/REVERSAL/999260117948985978252874404602/REF:TXN-101,DR
Musa Umar,Polaris,51000.0,TRF FROM NIBSS_PAY_999260124912931429933704837707/SES:TXN-102,CR
Chisom Nwoko,Zenith,1200.75,POS/PURCHASE/LAGOS/999260754610112566917313940028,DR
Adebisi Adeyemo,FirstBank,235000.0,NIP/TXN/999260423653258699633234424811/REF:AUTO-GEN,CR
Adebayo Adekunle,Zenith,12000.5,NIP/REVERSAL/999260232206763661271285671863/REF:TXN-ALPHA,CR
Chukwuma Okafor,GTBank,75000.0,TRF FROM NIBSS_PAY_999260790151550795297103553753/SES:TXN-BETA,CR
Ngozi Eze,Access,320450.75,POS/PURCHASE/LAGOS/999260955569613400625073340745,DR
Amina Bello,UBA,199999.99,WEB/PAYSTACK/REF-TXN-XYZ/SES:999260828657248391937032088059,CR
Oluwaseun Adeyemi,FirstBank,5120.25,NIP/REVERSAL/999260948786417737300875335963/REF:TXN-GAMMA,DR
Chinyere Okorie,Kuda,8600.0,TRF FROM NIBSS_PAY_999260080537557975642385347175/SES:TXN-DELTA,CR
Fatima Ibrahim,OPay,24350.4,POS/PURCHASE/LAGOS/999260695452700436344174035987,DR
Yakubu Musa,Moniepoint,102000.0,WEB/PAYSTACK/REF-TXN-ABC/SES:999260386395525791141509516958,CR
Abubakar Yusuf,Stanbic,45000.0,NIP/REVERSAL/999260100186016756896341779576/REF:TXN-OMEGA,DR
Chima Obi,Wema,9800.8,TRF FROM NIBSS_PAY_999260426281954337944182837371/SES:TXN-ETA,CR
Ifeoma Nwosu,Polaris,67000.25,POS/PURCHASE/LAGOS/999260998956738867844932974870,DR
Emeka Okeke,Fidelity,150000.0,WEB/PAYSTACK/REF-TXN-DEF/SES:999260733495270316737202780993,CR
Hassan Amina,Union,5200.75,NIP/REVERSAL/999260032981662267251771148177333/REF:TXN-PI,DR
Zainab Bello,Sterling,7600.6,TRF FROM NIBSS_PAY_999260508655422866405742604812/SES:TXN-THETA,CR
Aliyu Ibrahim,FCMB,31000.0,POS/PURCHASE/LAGOS/999260907770708976993348832280,DR
Adesola Adeyemo,Zenith,990.1,WEB/PAYSTACK/REF-TXN-GHI/SES:999260124974753454914084252521,CR
Kudirat Adebayo,GTBank,4300.9,NIP/REVERSAL/999260567855253590876489227939333/REF:TXN-KAPPA,DR
Rufus Uche,UBA,21050.0,TRF FROM NIBSS_PAY_999260777093055096860667239046/SES:TXN-LAMBDA,CR
Nneka Chukwu,FirstBank,125000.0,POS/PURCHASE/LAGOS/999260484559269040650322679662,CR
Olajide Akinyele,Polaris,60000.0,WEB/PAYSTACK/REF-TXN-JKL/SES:999260556717505316526627307135,DR
Adebayo Akinpelu,Zenith,128000.75,NIP/REVERSAL/999260732661615349374556323696/REF:TXN-ALPHA,CR
Chukwuma Okafor,GTBank,56000.5,TRF FROM NIBSS_PAY_999260816169691973723138839517/SES:TXN-OMEGA,CR
Ngozi Nwankwo,Access,240000.0,POS/PURCHASE/LAGOS/999260400668630458458047314051,DR
Fatima Musa,FirstBank,9800.25,WEB/PAYSTACK/REF-TXN-DELTA/SES:999260148869827211781719702799,DR
Amina Bello,Kuda,375000.6,NIP/REVERSAL/999260841872077744525683431676/REF:TXN-OMEGA,CR
Oluwaseun Adeyemi,OPay,64000.1,TRF FROM NIBSS_PAY_999260219335041727180191948494/SES:TXN-NUCLEUS,CR
Chinyere Eze,Moniepoint,152500.4,POS/PURCHASE/LAGOS/999260418662993206683504587998,DR
Ifeoma Okafor,Stanbic,72000.0,WEB/PAYSTACK/REF-TXN-ALPHA/SES:999260985554574389484580876512,CR
Emeka Nwosu,Wema,199999.99,NIP/REVERSAL/999260832329015108844168650687999/REF:TXN-BETA,CR
Ahmed Bello,Polaris,51000.25,TRF FROM NIBSS_PAY_999260737013218052202793167287/SES:TXN:GAMMA,DR
Chukwuemeka Nwankwo,Fidelity,310000.0,POS/PURCHASE/LAGOS/999260376725008236772478527306,CR
Yusuf Ibrahim,Union,12875.75,NIP/TXN/999260117679647465504416753855/REF:AUTO-GEN,DR
Sulaiman Umar,Sterling,86000.4,NIP/REVERSAL/999260217666838027584042842930222/REF:TXN-DELTA,CR
Lilian Chukwu,FCMB,44000.0,TRF FROM NIBSS_PAY_999260399475680076828470451119/SES:TXN:SIGMA,DR
Hassan Amina,Zenith,299999.99,POS/PURCHASE/LAGOS/999260841296556929873138494874,CR
Nkiru Obi,GTBank,15000.6,WEB/PAYSTACK/REF-TXN-CHARLIE/SES:999260151501054125856658315115,DR
Musa Idris,UBA,9700.25,NIP/REVERSAL/999260732560159882086709558356222/REF:TXN-OMEGA,CR
Amina Ibrahim,FirstBank,210000.1,TRF FROM NIBSS_PAY_999260854529581389318393860901/SES:TXN:PHOENIX,CR
Khadija Adedoyin,Polaris,65000.8,POS/PURCHASE/LAGOS/999260574027202055983603307687,DR
Adebayo Adekunle,Zenith,125000.75,NIP/REVERSAL/999260839055295174749784826092/REF:TXN-001,DR
Chukwuma Nnadi,GTBank,9800.2,TRF FROM NIBSS_PAY_999260550265681781629418541834/SES:TXN-002,CR
Fatima Bello,Access,34050.0,POS/PURCHASE/LAGOS/999260923828553643986094754266,DR
Ngozi Okafor,UBA,450000.0,WEB/PAYSTACK/REF-TXN-XXX/SES:999260809603964991628531306562,CR
Amina Ibrahim,FirstBank,7500.5,NIP/REVERSAL/999260406731106770101413770328/REF:TXN-005,DR
Oluwaseun Adeyemi,Kuda,52000.0,TRF FROM NIBSS_PAY_999260139287087899444469715148/SES:TXN-006,CR
Chinyere Eze,OPay,165000.25,POS/PURCHASE/LAGOS/999260207531246241344698546975,DR
Yusuf Musa,Moniepoint,210000.1,WEB/PAYSTACK/REF-TXN-XXX/SES:999260529848004218693402781238,CR
Chukwudi Obi,Stanbic,3000.0,NIP/REVERSAL/999260888546588176582358390604/REF:TXN-009,DR
Zainab Abubakar,Wema,99000.99,TRF FROM NIBSS_PAY_999260680144835070791941189182/SES:TXN-010,CR
Emeka Nwosu,Polaris,42500.0,POS/PURCHASE/LAGOS/999260065224505354224268150479,DR
Bello Ibrahim,Fidelity,560000.0,WEB/PAYSTACK/REF-TXN-XXX/SES:999260577294078772097538826458,CR
Amina Sulaiman,Union,1200.45,NIP/REVERSAL/999260033215423456440222000500/REF:TXN-013,DR
Khadija Abubakar,Sterling,7600.75,TRF FROM NIBSS_PAY_999260243861655254135405700063/SES:TXN-014,CR
Olumide Adeyemi,FCMB,9800.0,POS/PURCHASE/LAGOS/999260450198054373060887944981,DR
Ifeoma Nwobi,Zenith,132000.0,WEB/PAYSTACK/REF-TXN-XXX/SES:999260953604715627715328090450,CR
Nkiru Eze,GTBank,41000.6,NIP/REVERSAL/999260896414147208873009532099/REF:TXN-017,DR
Muhammad Yakubu,UBA,275000.0,TRF FROM NIBSS_PAY_999260887305498895583114292073/SES:TXN-018,CR
Adeleke Adesina,FirstBank,600.25,POS/PURCHASE/LAGOS/999260873928756789140492115525,DR
Funmi Adeoye,Polaris,15000.0,WEB/PAYSTACK/REF-TXN-XXX/SES:999260286200787607154257921672,CR
Amina Musa,Access,9900.9,NIP/REVERSAL/999260250414485682620340011123010/REF:TXN-021,DR
Aminat Adekeye,Zenith,128500.75,NIP/REVERSAL/999260265023546314336664728371/REF:TXN-ERG,DR
Chukwuma Obi,GTBank,34000.0,TRF FROM NIBSS_PAY_999260824723166816730199158194/SES:TXN-ACH,CR
Ngozi Okafor,Access,98760.45,POS/PURCHASE/LAGOS/999260839541053416102150518512,DR
Aisha Musa,UBA,225000.0,WEB/PAYSTACK/REF-TXN-999260939444032602687046626178/SES:TXN-REF,CR
Oluwasegun Adewumi,FirstBank,4500.6,NIP/REVERSAL/999260209438206550190495957851/REF:TXN-REV,DR
Chimaobi Nwosu,Kuda,150000.2,POS/PURCHASE/LAGOS/999260172628883785490710179966,CR
Funmi Adeyemi,OPay,7600.4,TRF FROM NIBSS_PAY_999260240326911261008513977718/SES:TXN-TRF,CR
Ifeanyi Eze,Moniepoint,52000.9,NIP/REVERSAL/999260637853110732404189554508333/REF:TXN-REF,DR
Yusuf Ibrahim,Stanbic,199999.99,WEB/PAYSTACK/REF-TXN-999260779242792632661464488648/SES:TXN-REF,CR
Fatima Bello,Wema,87500.5,POS/PURCHASE/LAGOS/999260505746548792021517771041,DR
Kehinde Adebayo,Polaris,30500.25,NIP/REVERSAL/999260477813688929393411385179999/REF:TXN-REV,CR
Rita Chukwu,Fidelity,61000.0,TRF FROM NIBSS_PAY_999260240343595983074945123884/SES:TXN-TRF,DR
Aliyu Musa,Union,41000.75,WEB/PAYSTACK/REF-TXN-999260383422391461857545142635/SES:TXN-REF,CR
Nkiru Anyanwu,Sterling,132450.3,POS/PURCHASE/LAGOS/999260481516083778355847318295,DR
Amina Yusuf,FCMB,9999.99,NIP/REVERSAL/999260272415415088646888823545010/REF:TXN-REV,CR
Chinedu Okoye,Zenith,74000.1,TRF FROM NIBSS_PAY_999260166794285236130439241427/SES:TXN-TRF,DR
Ifedayo Adeyemi,GTBank,260000.0,WEB/PAYSTACK/REF-TXN-999260753529965053533694756153/SES:TXN-REF,CR
Sarah Chukwu,UBA,48000.6,POS/PURCHASE/LAGOS/999260497339205827972612923345,DR
Musa Yakubu,FirstBank,155000.0,NIP/REVERSAL/999260915628410577411428360145222/REF:TXN-REV,CR
Adebayo Oluwadamilola,Polaris,6000.4,TRF FROM NIBSS_PAY_999260661325029996169184259498/SES:TXN-TRF,DR
Adebayo Oladapo,Zenith,12850.75,NIP/REVERSAL/999260692653025591062385136934/REF:TXN-AXA1001,CR
Chidimma Nwoko,GTBank,9450.0,TRF FROM NIBSS_PAY_999260002383463479028300778043/SES:TXN-AXA1002,CR
Ngozi Okafor,Access,512000.5,POS/PURCHASE/LAGOS/999260245999303531188620324875,DR
Amina Bello,UBA,2300.99,WEB/PAYSTACK/REF-TXN-AXA1003/SES:999260042774416660709239590447,CR
Folasade Adeyemi,FirstBank,76000.0,NIP/REVERSAL/999260731551969805834594103333/REF:TXN-AXA1004,DR
Chuka Eze,Kuda,150000.25,TRF FROM NIBSS_PAY_999260675642806288175898940368/SES:TXN-AXA1005,CR
Hadiza Musa,OPay,5200.5,POS/PURCHASE/LAGOS/999260046138045436610355931794,DR
Ifeanyi Okafor,Moniepoint,102500.1,WEB/PAYSTACK/REF-TXN-AXA1006/SES:999260996963104403739007467883,CR
Ayo Adeyemi,Stanbic,8900.0,NIP/REVERSAL/999260424966530568862225604623/REF:TXN-AXA1007,DR
Ibrahim Yakubu,Wema,230000.0,TRF FROM NIBSS_PAY_999260356906895942270692502718/SES:TXN-AXA1008,CR
Funmi Oladunjoye,Polaris,4100.75,POS/PURCHASE/LAGOS/999260275801362641791827748507,DR
Sadiya Ibrahim,Fidelity,990.5,WEB/PAYSTACK/REF-TXN-AXA1009/SES:999260818384570808956962376728,CR
Tope Akinyele,Union,32000.0,NIP/REVERSAL/999260741284300011418077298658/REF:TXN-AXA1010,DR
Aminu Garba,Sterling,7600.0,TRF FROM NIBSS_PAY_999260581577157549766954674614/SES:TXN-AXA1011,CR
Chinwe Ugochukwu,FCMB,125000.99,POS/PURCHASE/LAGOS/999260200876788589639793502388,DR
Khadija Abubakar,Zenith,540.25,WEB/PAYSTACK/REF-TXN-AXA1012/SES:999260659981647628220112378966,CR
Uchechi Nwachukwu,GTBank,210000.4,NIP/REVERSAL/999260178723680411533984291490/REF:TXN-AXA1013,CR
Yakubu Ibrahim,UBA,7200.0,TRF FROM NIBSS_PAY_999260905051579102158961048233/SES:TXN-AXA1014,DR
Adewale Ogunleye,FirstBank,9700.25,POS/PURCHASE/LAGOS/999260616220018185519504830562,CR
Chiamaka Eze,Polaris,16050.6,WEB/PAYSTACK/REF-TXN-AXA1015/SES:999260555196460705247883169085,DR
Adebayo Oluwadamilola,Zenith,120000.0,NIP/REVERSAL/999260973770545015837583914449/REF:TXN-ALPHA,CR
Chukwuma Ifeanyi,GTBank,45000.5,TRF FROM NIBSS_PAY_999260105131170732952130592616321/SES:TXN-DELTA,CR
Chinyere Nkiru,Access,9800.75,POS/PURCHASE/LAGOS/999260615447725038543748199293222,DR
Amina Musa,UBA,250000.0,WEB/PAYSTACK/REF-TXN-ALPHA/SES:999260638698718254160263403202444,CR
Oluwaseun Adebayo,FirstBank,1500.25,NIP/REVERSAL/999260015359909531513666491707666/REF:TXN-BETA,DR
Fatima Idris,Kuda,76000.0,TRF FROM NIBSS_PAY_999260475463209151051258517485888/SES:TXN-GAMMA,CR
Yakubu Bello,OPay,120000.99,POS/PURCHASE/LAGOS/999260224117260376754048880897000,DR
Ngozi Obi,Moniepoint,35000.4,WEB/PAYSTACK/REF-TXN-ALPHA/SES:999260905794906048038214656973333,CR
Obiora Chukwu,Stanbic,60000.0,NIP/REVERSAL/999260153504613308312291965707999/REF:TXN-DELTA,DR
Amina Hassan,Wema,440000.0,TRF FROM NIBSS_PAY_999260120141204634705185018744555/SES:TXN-EPSILON,CR
Chidinma Nwafor,Polaris,275000.75,POS/PURCHASE/LAGOS/999260851250440869699604254402777,CR
Abubakar Ibrahim,Fidelity,9900.6,WEB/PAYSTACK/REF-TXN-ALPHA/SES:999260953985522421139122883188999,DR
Funke Olatunde,Union,20500.2,NIP/REVERSAL/999260315090088374668658851807888/REF:TXN-GAMMA,CR
Chukwuemeka Okafor,Sterling,150000.0,TRF FROM NIBSS_PAY_999260042365877736140835325176111/SES:TXN-THETA,CR
Amina Ibrahim,FCMB,54000.45,POS/PURCHASE/LAGOS/999260178982540547563262070862222,DR
Usman Suleiman,Zenith,8000.0,WEB/PAYSTACK/REF-TXN-ALPHA/SES:999260347456112764084636624650666,CR
Hadiza Suleiman,GTBank,12500.6,NIP/REVERSAL/999260666569493582386975991777222/REF:TXN-DELTA,DR
Oyinlade Adekunle,FirstBank,99999.99,TRF FROM NIBSS_PAY_999260980151546958191640551947222/SES:TXN-ALPHA,CR
Kadija Yakubu,Polaris,600000.0,POS/PURCHASE/LAGOS/999260076248244129496692686451777,CR
Adebayo Olawale,Zenith,128450.75,NIP/REVERSAL/999260392343596294695533079473/REF:TXN-AX1,DR
Chukwuma Obi,GTBank,256780.4,TRF FROM NIBSS_PAY_999260277308372658241801153828/SES:TXN-AX2,CR
Ngozi Nwoko,Access,98500.0,POS/PURCHASE/LAGOS/999260816671886166672875339565,DR
Amina Bello,UBA,402300.9,WEB/PAYSTACK/REF-TXN-AXX/SES:999260640245578433207119326034,CR
Funke Adebayo,FirstBank,275000.25,NIP/REVERSAL/999260269988419471374752558979/REF:TXN-AX3,DR
Chinyere Okafor,Kuda,1500.8,TRF FROM NIBSS_PAY_999260391054549194861108219194/SES:TXN-AX4,CR
Fatima Ibrahim,OPay,76000.0,POS/PURCHASE/LAGOS/999260249936886404951893469618,DR
Oyinkansola Adeyemi,Moniepoint,99999.99,WEB/PAYSTACK/REF-TXN-AX5/SES:999260602748227583117972596379,CR
Yusuf Musa,Stanbic,312500.6,NIP/REVERSAL/999260837547745898921205410637/REF:TXN-AX6,CR
Zainab Kabir,Wema,54075.1,TRF FROM NIBSS_PAY_999260533112242446286612968856/SES:TXN-AX7,DR
Chukwuemeka Eze,Polaris,210000.0,POS/PURCHASE/LAGOS/999260313287417188159169101938,CR
Halima Yusuf,Fidelity,48000.45,WEB/PAYSTACK/REF-TXN-AX8/SES:999260240335626640343961578659,DR
Seyi Adebowale,Union,310250.35,NIP/REVERSAL/999260658468558795508708935448555/REF:TXN-AX9,CR
Nnja Chukwu,Sterling,65000.0,TRF FROM NIBSS_PAY_999260356317436331815856957060/SES:TXN-AX10,DR
Aisha Bello,FCMB,190000.0,POS/PURCHASE/LAGOS/999260614056560866689143985514,CR
Emeka Nnamdi,Zenith,72000.8,WEB/PAYSTACK/REF-TXN-AX11/SES:999260481922322750131457899798,DR
Bolanle Ade,GTBank,8600.6,NIP/REVERSAL/999260174255514418229457443704810/REF:TXN-AX12,CR
Khadija Musa,UBA,45500.0,TRF FROM NIBSS_PAY_999260093776578280896633610830/SES:TXN-AX13,DR
Ifeanyi Ojo,FirstBank,125000.0,POS/PURCHASE/LAGOS/999260064870370314774640018551,CR
Rubin Chidi,Polaris,21000.3,WEB/PAYSTACK/REF-TXN-AX14/SES:999260552886643231762579144761,DR
Adebayo Oluwasegun,Zenith,128500.75,NIP/REVERSAL/999260904514302834065391134869/REF:TXN-ABU,CR
Chukwuma Onyeka,GTBank,42000.0,TRF FROM NIBSS_PAY_999260067152191928878083999157/SES:TXN-XYZ,CR
Ngozi Nwokocha,Access,350000.5,POS/PURCHASE/LAGOS/999260475467500933492625705780,DR
Amina Yakubu,UBA,7600.9,WEB/PAYSTACK/REF-TXN-999260432343168766069372192651/SES:888888888888888888888888888,CR
Oluwaseun Adeyemi,FirstBank,99999.99,NIP/REVERSAL/999260324096309611372777601035/REF:TXN-REV,DR
Fatima Musa,Kuda,2500.0,TRF FROM NIBSS_PAY_999260807775176024148591115070/SES:TXN-ABC,CR
Chidinma Nwafor,OPay,54000.25,POS/PURCHASE/LAGOS/999260387909112506419162512706,DR
Abdulahi Ibrahim,Moniepoint,120000.0,WEB/PAYSTACK/REF-TXN-999260852452824505369465467746/SES:TXN-DEF,CR
Eze Chukwuemeka,Stanbic,310000.0,NIP/REVERSAL/999260571629216484447388272881/REF:TXN-GHI,CR
Adebisi Temitope,Wema,6500.55,TRF FROM NIBSS_PAY_999260489995376360158821146791/SES:TXN-JKL,DR
Ifeanyi Chukwu,Polaris,98000.0,POS/PURCHASE/LAGOS/999260097903359419395089706442,CR
Hassan Bello,Fidelity,15000.75,WEB/PAYSTACK/REF-TXN-999260208212611484302813069992/SES:TXN-MNO,DR
Ladidi Olabode,Union,7400.0,NIP/REVERSAL/999260422356876333168038727458333/REF:TXN-PQR,CR
Maryam Bello,Sterling,210000.0,TRF FROM NIBSS_PAY_999260225856441720791378698541/SES:TXN-STU,CR
Emeka Obi,FCMB,9900.0,POS/PURCHASE/LAGOS/999260064416899254355544619509,DR
Funmi Adebola,Zenith,540.6,WEB/PAYSTACK/REF-TXN-999260014591066728611214722958/SES:TXN-VWX,CR
Amina Bello,GTBank,87500.25,NIP/REVERSAL/999260510339400105932937402992888/REF:TXN-YZA,DR
Chima Uche,Access,33250.0,TRF FROM NIBSS_PAY_999260498431840877536009463020/SES:TXN-BCD,CR
Zainab Adamu,UBA,199999.99,POS/PURCHASE/LAGOS/999260204776666283825938218474/REF:TXN-EFG,DR
Adebayo Adebola,Zenith,125000.5,NIP/REVERSAL/999260787423086506318036172307/REF:TXN-ALPHA123456,CR
Chukwuma Chinedu,GTBank,9800.75,TRF FROM NIBSS_PAY_999260894713029749172184165756/SES:TXN-REF9,DR
Fatima Musa,FirstBank,230000.0,POS/PURCHASE/LAGOS/999260298267564068153025874500,DR
Ngozi Chukwu,Zenith,45000.2,WEB/PAYSTACK/REF-TXN-XXX/SES:999260947984984483254032993884,CR
Oluwole Adekunle,Access,310000.0,NIP/REVERSAL/999260723625224117395641021826/REF:TXN-OPQ,CR
Chinwe Eze,UBA,1500.5,TRF FROM NIBSS_PAY_999260160728076647991294202722/SES:TXN-XYZ,DR
Amina Bello,Kuda,76500.9,POS/PURCHASE/LAGOS/999260011988929109931815381347,CR
Yakubu Ibrahim,OPay,120000.0,WEB/PAYSTACK/REF-TXN-XXX/SES:999260023277371594897749680813,CR
Chinyere Nwosu,Moniepoint,54000.25,NIP/REVERSAL/999260771040808317203374350172222/REF:TXN-XYZ,DR
Uche Adaeze,Stanbic,99000.0,TRF FROM NIBSS_PAY_999260915934492899130000254353/SES:TXN-TRN,CR
Ifeoma Nwankwo,Wema,21000.75,POS/PURCHASE/LAGOS/999260513156718383097853355197,DR
Mohammed Suleiman,Polaris,275000.0,WEB/PAYSTACK/REF-TXN-XXX/SES:999260922389234678431412909292,CR
Ladi Adebisi,Fidelity,4800.5,NIP/REVERSAL/999260727352563352401810159861000/REF:TXN-LMU,DR
Ifeanyi Okafor,Union,60000.0,TRF FROM NIBSS_PAY_999260443886583331490993802842/SES:TXN-YYY,CR
Aisha Adamu,Sterling,102000.1,POS/PURCHASE/LAGOS/999260687486229191126519528227,CR
Hassan Bello,FCMB,36000.75,WEB/PAYSTACK/REF-TXN-XXX/SES:999260191863205066973628684698,DR
Chukwuemeka Obi,Zenith,260000.0,NIP/REVERSAL/999260774395506601144484668292777/REF:TXN-OMEGA,CR
Maryam Danjuma,GTBank,150000.0,TRF FROM NIBSS_PAY_999260892788715901695352209994/SES:TXN-NU,DR
Olaitan Adeyemi,UBA,52500.25,POS/PURCHASE/LAGOS/999260261843312386782651686105,CR
Afolabi Adekunle,Zenith,12850.75,NIP/REVERSAL/999260287513006466337936108655/REF:TXN-AX1,CR
Chinweobi Chukwu,GTBank,5400.3,TRF FROM NIBSS_PAY_999260941321699680090757809967/SES:TXN-AX2,CR
Ngozi Okafor,Access,99000.0,POS/PURCHASE/LAGOS/999260799147381077049199615694,DR
Abdullahi Musa,UBA,7200.5,WEB/PAYSTACK/REF-TXN-XYZ/SES:999260336966280603498608192966,CR
Amina Ibrahim,FirstBank,43000.99,NIP/REVERSAL/999260604207590748222778874144888/REF:TXN-AX5,DR
Funke Adedayo,Kuda,1500.0,TRF FROM NIBSS_PAY_999260326175138056073712976043/SES:TXN-AX6,CR
Oluwaseun Adeyemi,OPay,600.45,POS/PURCHASE/LAGOS/999260273758165576915378541645,DR
Chukwuma Ikechukwu,Moniepoint,230000.0,WEB/PAYSTACK/REF-TXN-ABC/SES:999260216599516989878711126260,CR
Chinyere Nwoko,Stanbic,980.1,NIP/REVERSAL/999260039111729212193017082246555/REF:TXN-AX9,DR
Obinna Eze,Wema,5100.6,TRF FROM NIBSS_PAY_999260244387372350114048057448/SES:TXN-AX10,DR
Adebayo Adeyemi,Polaris,125000.0,POS/PURCHASE/LAGOS/999260167996230403082855580705,CR
Ifeoma Nwachukwu,Fidelity,3200.25,WEB/PAYSTACK/REF-TXN-DEF/SES:999260071608207496807668797329,CR
Yusuf Bello,Union,7500.75,NIP/REVERSAL/999260331504568288588207595735112/REF:TXN-AX12,DR
Maryam Garba,Sterling,41000.0,TRF FROM NIBSS_PAY_999260958622366606080603154766/SES:TXN-AX13,CR
Ifedayo Akinyele,FCMB,2600.5,POS/PURCHASE/LAGOS/999260993702075673491994428516,DR
Kudirat Adebayo,Zenith,890.2,WEB/PAYSTACK/REF-TXN-XYZ/SES:999260479129486635965646658632,CR
Nneka Ogu,GTBank,15240.6,NIP/REVERSAL/999260295698407901521841675077888/REF:TXN-AX16,DR
Aliyu Musa,UBA,99999.99,TRF FROM NIBSS_PAY_999260595016247162090214909494/SES:TXN-AX17,CR
Binta Abdullahi,FirstBank,540.5,POS/PURCHASE/LAGOS/999260805621096200235560811268,DR
Chukwuemeka Obi,Kuda,760.0,WEB/PAYSTACK/REF-TXN-UVW/SES:999260438076443485783864909860,CR
Adebayo Oladipo Adeyemi,Zenith,128000.75,NIP/REVERSAL/999260233625996679591157162497/REF:TXN-ALPHA,CR
Chukwuma Obiageli Nwankwo,GTBank,23050.4,TRF FROM NIBSS_PAY_999260634196585587284515318422/SES:TXN-PRIME,CR
Fatima Binta Musa,Access,9800.0,POS/PURCHASE/LAGOS/999260191809079571876916348989,DR
Oluwaseun Adewale Adeyemi,UBA,350000.0,WEB/PAYSTACK/REF-TXN-999260357151292625463595328247/SES:999260201500000000000000555666,CR
Ngozi Chukwuemeka Ijemadi,FirstBank,150000.25,NIP/REVERSAL/999260126962908729609335855064/REF:TXN-BETA,DR
Chidinma Ifeoma Nwoko,Kuda,45000.1,TRF FROM NIBSS_PAY_999260946748701278579839892355/SES:TXN-GAMMA,CR
Amina Bello Yakubu,OPay,7600.5,POS/PURCHASE/LAGOS/999260628423698527925102939875,DR
Chimaobi Uchechi Okafor,Moniepoint,99000.99,WEB/PAYSTACK/REF-TXN-999260491915562958216452698999/SES:999260201500000000000000999000,CR
Hauwa Habibu Idris,Stanbic,125000.3,NIP/REVERSAL/999260384927347301764412983553/REF:TXN-DELTA,DR
Emeka Chukwudi Nwoye,Wema,5400.75,TRF FROM NIBSS_PAY_999260785093032165203480838902/SES:TXN-EPS,CR
Ifeoma Nnamani Ugochukwu,Polaris,210000.0,POS/PURCHASE/LAGOS/999260077124073025261481187382,DR
Brahim Musa Ibrahim,Fidelity,29850.6,WEB/PAYSTACK/REF-TXN-999260981205630756790083631911/SES:TXN-OMEGA,CR
Yahaya Abubakar Ibrahim,Union,52000.0,NIP/REVERSAL/999260828099148628797285010011/REF:TXN-NU,CR
Ifunanya Chiamaka Nwosu,Sterling,6600.25,TRF FROM NIBSS_PAY_999260806676885303460944553198/SES:TXN-PHALANX,DR
Adebisi Temitope Adeyemi,FCMB,78000.8,POS/PURCHASE/LAGOS/999260570995543931049207539967,CR
Zainab Sadiya Shehu,Zenith,120450.6,WEB/PAYSTACK/REF-TXN-999260044180632572325952372786/SES:TXN-OMEGA,DR
Ikenna Ugochukwu Obi,GTBank,41000.0,NIP/REVERSAL/999260704006374541765028561807/REF:TXN-TAU,CR
Rukaiyat Taiwo Adebayo,UBA,29999.95,TRF FROM NIBSS_PAY_999260479443643967163210358658/SES:TXN-PI,DR
Khadijat Abubakar Idris,FirstBank,152500.0,POS/PURCHASE/LAGOS/999260513565303421546683988036,CR
Nneka Chidinma Eze,Polaris,8400.4,WEB/PAYSTACK/REF-TXN-999260712469145328295064416695/SES:TXN-OMEG,DR
Oluwatosin Adeyemi,Zenith,12450.75,NIP/REVERSAL/999260421777102790090148234544/REF:TXN-ALPHA,CR
Chukwudi Obi,GTBank,9800.0,TRF FROM NIBSS_PAY_999260500054256608809605364599/SES:TXN-002,CR
Fatima Abubakar,FirstBank,5600.5,POS/PURCHASE/LAGOS/999260585685751991873143812455,DR
Amina Musa,Access,250000.0,WEB/PAYSTACK/REF-TXN-777/SES:999260464655686127353141733341,CR
Chinedu Okafor,UBA,30500.25,NIP/REVERSAL/999260894222171094749250845676/REF:TXN-DEL,DR
Ngozi Nwafor,Kuda,750.0,TRF FROM NIBSS_PAY_999260296311067460913539339849/SES:TXN-003,CR
Adedayo Akinyele,OPay,19999.99,POS/PURCHASE/LAGOS/999260780286964980385276189874,DR
Chinyere Eze,Moniepoint,8800.55,WEB/PAYSTACK/REF-TXN-888/SES:999260323521647614793291071334,CR
Ibrahim Yakubu,Stanbic,150000.0,NIP/REVERSAL/999260549603297369862566755199/REF:TXN-PR,CR
Adebayo Oladapo,Wema,5400.4,TRF FROM NIBSS_PAY_999260108651543200273339263884/SES:TXN-004,DR
Yusuf Bello,Polaris,120000.0,POS/PURCHASE/LAGOS/999260251324234628364468408790,DR
Chukwuemeka Okechukwu,Fidelity,4200.0,NIP/TXN/999260145368797617682907349289/REF:AUTO-GEN,CR
Onaivu Chisom,Union,31000.75,NIP/REVERSAL/999260870437503428490083764308/REF:TXN-Z,CR
Sani Ibrahim,Sterling,9900.0,TRF FROM NIBSS_PAY_999260500039408066069834036738/SES:TXN-006,DR
Funke Adekunle,FCMB,6700.0,POS/PURCHASE/LAGOS/999260342342007116951526498914,CR
Ngozi Chukwu,Zenith,4500.8,NIP/TXN/999260149334023546681709248226/REF:AUTO-GEN,DR
Amina Idris,GTBank,21000.0,NIP/REVERSAL/999260661581755756025969604763/REF:TXN-REV,CR
Emeka Ndu,FirstBank,125000.0,TRF FROM NIBSS_PAY_999260751340551914313280007343/SES:TXN-008,DR
Kwamri Chinedu,UBA,9800.25,POS/PURCHASE/LAGOS/999260519598700656015689051928,CR
Adebayo Oluwasegun,Zenith,128500.75,NIP/REVERSAL/999260307981362846822804152634/REF:TXN-ALPHA001,DR
Chukwuma Nnamdi,GTBank,35000.0,TRF FROM NIBSS_PAY_999260871275285706802550381489/SES:TXN-ALPHA002,CR
Chinyere Ifeoma,Access,9999.99,POS/PURCHASE/LAGOS/999260612509599379585176422943,DR
Amina Bello,UBA,240000.5,WEB/PAYSTACK/REF-TXN-ALPHA/SES:999260056788197459874997925493,CR
Oluwadamilola Adeyemi,FirstBank,52000.25,NIP/REVERSAL/999260452202942672040420438054/REF:TXN-ALPHA005,DR
Fatima Ibrahim,Kuda,7600.0,TRF FROM NIBSS_PAY_999260016081517375457378922482/SES:TXN-ALPHA006,CR
Yakubu Umar,OPay,185000.1,POS/PURCHASE/LAGOS/999260723759335040367222032294,DR
Ngozi Nwafor,Moniepoint,48000.75,WEB/PAYSTACK/REF-TXN-ALPHA/SES:999260516453056056498181183049,CR
Adebisi Folasade,Stanbic,210000.0,NIP/REVERSAL/999260956829646268010749269063/REF:TXN-ALPHA009,CR
Chukwuemeka Okafor,Wema,99999.99,TRF FROM NIBSS_PAY_999260941392669213409538460276/SES:TXN-ALPHA010,DR
Hassan Sani,Polaris,15050.4,POS/PURCHASE/LAGOS/999260625650700769238278553888,CR
Nnenne Adaeze,Fidelity,9999.5,WEB/PAYSTACK/REF-TXN-ALPHA/SES:999260889297079269485183966568,DR
Bello Idris,Union,45000.3,NIP/REVERSAL/999260075772334727869654008967/REF:TXN-ALPHA013,CR
Aisha Bello,Sterling,3000.75,TRF FROM NIBSS_PAY_999260750293279378801729086639/SES:TXN-ALPHA014,CR
Ibukun Adebayo,FCMB,82000.0,POS/PURCHASE/LAGOS/999260609001337372226880533838,DR
Sadiya Ibrahim,Zenith,600.0,WEB/PAYSTACK/REF-TXN-ALPHA/SES:999260932014397925803722299951,CR
Emeka Okafor,GTBank,260000.25,NIP/REVERSAL/999260335631143345799228663890/REF:TXN-ALPHA017,DR
Amina Chukwu,UBA,18050.75,TRF FROM NIBSS_PAY_999260674519180831863962483864/SES:TXN-ALPHA018,CR
Segun Adeoye,FirstBank,132500.6,POS/PURCHASE/LAGOS/999260863311016366586624081962,CR
Adebayo Adekunle,Zenith,128300.75,NIP/REVERSAL/999260768891227186543189913750/REF:TXN-ABCD1234EFGH567890,CR
Chukwuma Obiakor,GTBank,45200.1,TRF FROM NIBSS_PAY_999260833881451826527746064707/SES:TXN-XYZ987654321,CR
Chinyere Nwokocha,Access,9800.5,POS/PURCHASE/LAGOS/999260408714261638346524417685,DR
Fatima Ibrahim,UBA,204500.0,WEB/PAYSTACK/REF-TXN-XYZ/SES:999260287220821609325119953566,CR
Amina Bello,FirstBank,15000.25,NIP/REVERSAL/999260256010420208373215139937/REF:TXN-ALPHA1,DR
Musa Yusuf,Kuda,7600.75,TRF FROM NIBSS_PAY_999260227877408576054716198452/SES:TXN-BETA2,CR
Ngozi Eze,OPay,3100.0,POS/PURCHASE/LAGOS/999260668183749511022181230156,DR
Obinna Okafor,Moniepoint,99000.4,WEB/PAYSTACK/REF-TXN-XYZ/SES:999260052211480611273455781743,CR
Amina Adesanya,Stanbic,51000.8,NIP/REVERSAL/999260759273039499902652478753/REF:TXN-GAMMA9,DR
Ibrahim Yakubu,Wema,420000.0,TRF FROM NIBSS_PAY_999260971264165366251375389007/SES:TXN-DELTA3,CR
Hassan Chukwudi,Polaris,6200.55,POS/PURCHASE/LAGOS/999260126545134944008390970046,DR
Adenike Olatunji,Fidelity,8600.6,WEB/PAYSTACK/REF-TXN-XYZ/SES:999260732009945537039444465104,CR
Salihu Ibrahim,Union,74500.05,NIP/REVERSAL/999260197183907844204183488227444/REF:TXN-OMEGA8,CR
Chimaobi Nwosu,Sterling,2400.0,TRF FROM NIBSS_PAY_999260303027268630157683521952/SES:TXN-ETA1,DR
Zainab Yusuf,FCMB,990.25,POS/PURCHASE/LAGOS/999260963578212939930242355887,CR
Oluwaseun Adeyemi,Zenith,305000.4,WEB/PAYSTACK/REF-TXN-XYZ/SES:999260705080803659053219161134,CR
Kadijat Abubakar,GTBank,14500.75,NIP/REVERSAL/999260974359295490795700350698999/REF:TXN-DELTA5,DR
Ifunanya Nwankwo,UBA,5200.2,TRF FROM NIBSS_PAY_999260187586483558855242228417/SES:TXN-CHARL6,CR
Abubakar Maje,FirstBank,6100.0,POS/PURCHASE/LAGOS/999260535101769046730946374455,DR
Yusuf Ibrahim,Kuda,25500.9,WEB/PAYSTACK/REF-TXN-XYZ/SES:999260913131513239277293063425,CR
Adebayo Oluwaseun,Zenith,128000.75,NIP/REVERSAL/999260878071011152336782536536/REF:TXN-ALPHA,CR
Chukwuma Obiageli,GTBank,95200.4,TRF FROM NIBSS_PAY_999260115929508526626735180783/SES:TXN-IGBO,CR
Fatima Musa,Access,315000.2,POS/PURCHASE/LAGOS/999260758444334506618459940467,DR
Amina Ibrahim,UBA,21050.99,WEB/PAYSTACK/REF-TXN-XYZ/SES:999260604094672409990840419612,CR
Chinyere Uche,FirstBank,480000.0,NIP/REVERSAL/999260609516061621767134632991/REF:TXN-BETA,CR
Olusegun Adewale,Kuda,7500.65,TRF FROM NIBSS_PAY_999260441127607291603580593435/SES:TXN-GAMMA,DR
Ngozi Nwafor,OPay,120000.0,POS/PURCHASE/LAGOS/999260272018204839192023303217,DR
Yakubu Ibrahim,Moniepoint,99999.99,WEB/PAYSTACK/REF-TXN-XYZ/SES:999260862696204079293211028989,CR
Chinedu Okafor,Stanbic,26000.3,NIP/REVERSAL/999260840873288734832291404024/REF:TXN-OMEGA,CR
Aminu Bello,Wema,45000.5,TRF FROM NIBSS_PAY_999260095932514949929473093146/SES:TXN-ZETA,DR
Ifeoma Eze,Polaris,310000.1,POS/PURCHASE/LAGOS/999260932674888830651277819542,CR
Suleiman Ilyasu,Fidelity,150000.0,WEB/PAYSTACK/REF-TXN-XYZ/SES:999260860409950032967880696625,DR
Rasheed Adebiyi,Union,8500.75,NIP/REVERSAL/999260840340770475378283958615654/REF:TXN-DELTA,CR
Hadiza Abubakar,Sterling,19999.99,TRF FROM NIBSS_PAY_999260255879340562480770365270/SES:TXN-THETA,DR
Emmanuel Nwoko,FCMB,54000.25,POS/PURCHASE/LAGOS/999260697719753008941770664143,CR
Aisha Bello,Zenith,6700.8,WEB/PAYSTACK/REF-TXN-XYZ/SES:999260968861258559722378401321,DR
Emeka Nnaji,GTBank,72500.6,NIP/REVERSAL/999260865083282655422764266993555/REF:TXN-EPSILON,CR
Ifeanyi Okoye,FirstBank,410000.0,TRF FROM NIBSS_PAY_999260869105255342354971495510/SES:TXN-ETA,CR
Khadija Yusuf,UBA,98000.35,POS/PURCHASE/LAGOS/999260498945702213372361113034,DR
Adebayo Adekunle,Zenith,12850.75,NIP/REVERSAL/999260728380893316304718989339/REF:TXN-AXY001,CR
Chukwuma Obiakor,GTBank,5400.5,TRF FROM NIBSS_PAY_999260249052029673589067836049/SES:TXN-AXY002,CR
Ngozi Nwosu,Access,98000.0,POS/PURCHASE/LAGOS/999260394800772977446851287115,DR
Amina Ibrahim,UBA,2300.25,WEB/PAYSTACK/REF-TXN-AXY/SES:999260036395394002135243002934,CR
Chinedu Eze,FirstBank,76000.1,NIP/REVERSAL/999260432143643286292126481483/REF:TXN-AXY005,DR
Funke Adeyemi,Kuda,14500.0,TRF FROM NIBSS_PAY_999260715723734050692752536276/SES:TXN-AXY006,CR
Oluwaseun Akinyele,OPay,320000.0,POS/PURCHASE/LAGOS/999260528117917174785135653994,DR
Ifeoma Nwankwo,Moniepoint,5100.6,WEB/PAYSTACK/REF-TXN-AXY/SES:999260090020357438020541491655,CR
Chinyere Okafor,Stanbic,25000.75,NIP/REVERSAL/999260216903612270187132182098888/REF:TXN-AXY009,DR
Aminu Yakubu,Wema,8600.4,TRF FROM NIBSS_PAY_999260896878292795763925609787/SES:TXN-AXY010,CR
Maryam Abubakar,Polaris,4100.0,POS/PURCHASE/LAGOS/999260300520241458352208543112,DR
Chukwuemeka Nwafor,Fidelity,9900.25,WEB/PAYSTACK/REF-TXN-AXY/SES:999260183128274015616121635832,CR
Kehinde Ogunleye,Union,120000.0,NIP/REVERSAL/999260035924399994881518449979444/REF:TXN-AXY013,DR
Rasheed Bello,Sterling,6300.8,TRF FROM NIBSS_PAY_999260729745257771510573081537/SES:TXN-AXY014,CR
Ayo Adeyemi,FCMB,15500.55,POS/PURCHASE/LAGOS/999260881618931204405339023658,DR
Amina Musa,Zenith,720.9,WEB/PAYSTACK/REF-TXN-AXY/SES:999260114610906818697433856996,CR
Hadiza Abubakar,GTBank,30120.0,NIP/REVERSAL/999260506110243898274314121075555/REF:TXN-AXY017,DR
Chimaobi Nweke,UBA,54000.35,TRF FROM NIBSS_PAY_999260369360599695261315440146/SES:TXN-AXY018,CR
Bamidele Okonkwo,FirstBank,9800.0,POS/PURCHASE/LAGOS/999260954698357806857853993179,DR
Zainab Ibrahim,Polaris,2600.75,WEB/PAYSTACK/REF-TXN-AXY/SES:999260114313917486489210301607,CR
Adebayo Adekunle,Zenith,128500.75,NIP/REVERSAL/999260808585225224364715801328/REF:TXN-ALP,CR
Chukwuma Chidi,GTBank,25640.5,TRF FROM NIBSS_PAY_999260146872717727809571399728/SES:TXN-122,CR
Ngozi Uche,Access,98000.0,POS/PURCHASE/LAGOS/999260555444766314599579044774,DR
Amina Bello,UBA,5400.25,WEB/PAYSTACK/REF-TXN-XYZ/SES:999260029516406510451519100199,CR
Oluwabunmi Adebiyi,FirstBank,210000.1,NIP/REVERSAL/999260321184668077346278626790/REF:TXN-777,CR
Chinyere Nwosu,Kuda,7500.75,TRF FROM NIBSS_PAY_999260360573830112036465166424/SES:TXN-889,DR
Fatima Umar,OPay,32000.0,POS/PURCHASE/LAGOS/999260841438256762974995681382,DR
Ifeanyi Obi,Moniepoint,142000.6,WEB/PAYSTACK/REF-TXN-ABC/SES:999260290366940983562291727728,CR
Yakubu Ibrahim,Stanbic,500000.0,NIP/REVERSAL/999260471430720325833148928420001/REF:TXN-999,CR
Hauwa Abdullahi,Wema,8600.4,TRF FROM NIBSS_PAY_999260098748313872828751046309/SES:TXN-221,DR
Emeka Nwachukwu,Polaris,27500.25,POS/PURCHASE/LAGOS/999260827611732449806711231953,DR
Sadiya Musa,Fidelity,9400.0,WEB/PAYSTACK/REF-TXN-DEF/SES:999260629987429657018328375932,CR
Chinedu Okafor,Union,199999.99,NIP/REVERSAL/999260369797408274507915638410233/REF:TXN-321,CR
Funke Adeyemi,Sterling,49000.5,TRF FROM NIBSS_PAY_999260715159212125553781607562/SES:TXN-445,DR
Ibukun Akinyemi,FCMB,6600.75,POS/PURCHASE/LAGOS/999260688405222624056571127197,DR
Chuka Eze,Zenith,151250.0,WEB/PAYSTACK/REF-TXN-GHI/SES:999260707794110315161919009417,CR
Aisha Bello,GTBank,30500.3,NIP/REVERSAL/999260972122748734782583497899333/REF:TXN-222,CR
Nneka Okoro,UBA,7600.0,TRF FROM NIBSS_PAY_999260785065611059812265929791/SES:TXN-333,DR
Rabiya Musa,FirstBank,41000.99,POS/PURCHASE/LAGOS/999260057572230168522034089569,CR
Dapo Adeoye,Polaris,12500.65,WEB/PAYSTACK/REF-TXN-JKL/SES:999260197211352487973295662192,DR
Adewale Adeyemi,Zenith,15000.75,NIP/REVERSAL/999260599329205545044281345078/REF:TXN-ALPH,DR
Chukwuemeka Obi,GTBank,230000.5,TRF FROM NIBSS_PAY_999260362666825001342616208610/SES:TXN-OMEGA,CR
Aminat Bello,FirstBank,3500.0,POS/PURCHASE/LAGOS/999260229536913395056871966809,DR
Ifeanyi Nwosu,UBA,98000.25,WEB/PAYSTACK/REF-TXN-XXX/SES:999260104787246326606177528365,CR
Fatima Ibrahim,Polaris,125000.0,NIP/REVERSAL/999260743745085537638445993438/REF:TXN-DELTA,CR
Ngozi Okafor,Access,7600.8,TRF FROM NIBSS_PAY_999260012537744383408258443310/SES:TXN-ZETA,DR
Chinedu Eze,Kuda,540.25,POS/PURCHASE/LAGOS/999260328280924973522308412343,DR
Hausa Musa,OPay,21000.0,WEB/PAYSTACK/REF-TXN-XXX/SES:999260254578370631734446155106,CR
Amina Yusuf,Moniepoint,999.99,NIP/REVERSAL/999260559989328786857479811600/REF:TXN-OMEGA,DR
Chima Chukwu,Stanbic,45000.6,TRF FROM NIBSS_PAY_999260623003512276917718256526/SES:TXN-ALPHA,CR
Ololade Ogunleye,Wema,32000.0,POS/PURCHASE/LAGOS/999260969871830129551193727771,DR
Ifunanya Nkemdili,Polaris,760000.1,WEB/PAYSTACK/REF-TXN-XXX/SES:999260027135389670464132513994,CR
Sani Bello,Fidelity,110000.35,NIP/REVERSAL/999260838683624208138481843035/REF:TXN-GAMMA,CR
Yemi Adekunle,Union,5400.0,TRF FROM NIBSS_PAY_999260971602366010569976237673/SES:TXN-BETA,DR
Zainab Musa,Sterling,420.4,POS/PURCHASE/LAGOS/999260360116063276285057943022,DR
Jide Olagunju,FCMB,1999.99,WEB/PAYSTACK/REF-TXN-XXX/SES:999260170352651963755110666619,CR
Ruth Okeke,Zenith,61000.0,NIP/REVERSAL/999260891732460041411786908042/REF:TXN-DELTA,CR
Khadija Bello,GTBank,12999.5,TRF FROM NIBSS_PAY_999260168006432106471808163882/SES:TXN-OMEGA,DR
Wuraola Adeyemi,UBA,54000.25,POS/PURCHASE/LAGOS/999260800319153089485438310728,CR
Nnaemeka Okonkwo,FirstBank,7500.75,WEB/PAYSTACK/REF-TXN-XXX/SES:999260654033250682721775898201,DR
Adebayo Kehinde,Zenith,125000.5,NIP/REVERSAL/999260431856388682731918029022/REF:TXN-ACB001,CR
Chukwuma Ikechukwu,GTBank,75000.0,TRF FROM NIBSS_PAY_999260809176155079704364093539/SES:TXN-ACB002,CR
Ngozi Uche,Access,35000.75,POS/PURCHASE/LAGOS/999260431092152392986377359176,DR
Fatima Bello,UBA,210000.2,WEB/PAYSTACK/REF-TXN-ACB/SES:999260424646983108851857073296,CR
Oluwaseun Adebiyi,FirstBank,4800.0,NIP/REVERSAL/999260154018566852122540589046/REF:TXN-ACD005,DR
Amina Musa,Kuda,99000.99,TRF FROM NIBSS_PAY_999260227183486487087720310440/SES:TXN-ACD006,CR
Chinyere Nwosu,OPay,56000.45,POS/PURCHASE/LAGOS/999260482191198545098230106498,DR
Yakubu Abubakar,Moniepoint,150000.0,WEB/PAYSTACK/REF-TXN-ACD/SES:999260213322107685963978642275,CR
Ifeoma Okonkwo,Stanbic,42000.3,NIP/REVERSAL/999260932975424374394431805441/REF:TXN-ACD009,DR
Ngozi Chukwu,Wema,230000.0,TRF FROM NIBSS_PAY_999260530444144110044168030998/SES:TXN-ACD010,CR
Aminu Ibrahim,Polaris,3000.0,POS/PURCHASE/LAGOS/999260800083677446705398998987,DR
Funmi Aro,Fidelity,82000.1,WEB/PAYSTACK/REF-TXN-ACD/SES:999260580449297542598886936913,CR
Chukwuemeka Eze,Union,66000.75,NIP/REVERSAL/999260690517444757789454028892999/REF:TXN-ACD012,DR
Aisha Yusuf,Sterling,54000.0,TRF FROM NIBSS_PAY_999260878253622872981742008956/SES:TXN-ACD013,CR
Olubunmi Adeoye,FCMB,125000.0,POS/PURCHASE/LAGOS/999260814608338981031239743311,DR
Chidinma Okafor,Zenith,9999.99,WEB/PAYSTACK/REF-TXN-ACD/SES:999260189461957639379744225521,CR
Adam Musa,GTBank,51000.5,NIP/REVERSAL/999260743432305607553115323139333/REF:TXN-ACD016,DR
Kemi Ojo,UBA,72000.25,TRF FROM NIBSS_PAY_999260220500409864332296267098/SES:TXN-ACD017,CR
Marian Chukwuemeka,FirstBank,41000.0,POS/PURCHASE/LAGOS/999260162809599825915619526881,DR
Zainab Abubakar,Polaris,26000.6,WEB/PAYSTACK/REF-TXN-ACD/SES:999260423082441563042127406449,CR
Adebayo Oluwasegun,Zenith,12890.55,NIP/REVERSAL/999260263520159538447553886186/REF:TXN-ALPHA,CR
Chukwuma Ifeanyi,GTBank,407250.0,TRF FROM NIBSS_PAY_999260168251403244443770427036/SES:TXN-OTA,CR
Ngozi Nneka,UBA,3500.75,POS/PURCHASE/LAGOS/999260636875101384668113993541,DR
Amina Bello,FirstBank,76000.4,WEB/PAYSTACK/REF-TXN-XYZ/SES:999260649543427184416668916362,CR
Yusuf Umar,Kuda,19999.99,NIP/REVERSAL/999260446977382311156181947124/REF:TXN-OMEGA,DR
Funke Adekunle,OPay,225000.25,TRF FROM NIBSS_PAY_999260425298388989775753141870/SES:TXN-DELTA,CR
Chinedu Obi,Moniepoint,5400.0,POS/PURCHASE/LAGOS/999260804871453572264588497765,DR
Adebisi Adewale,Stanbic,320000.0,WEB/PAYSTACK/REF-TXN-ABC/SES:999260079656175951130352308206,CR
Ifeoma Eze,Wema,800.6,NIP/REVERSAL/999260583666374637357995488445/REF:TXN-ZETA,CR
Chukwuemeka Emeka,Polaris,150000.0,TRF FROM NIBSS_PAY_999260646032256506113229156608/SES:TXN:ETA,DR
Oladapo Chigozie,Fidelity,6000.0,POS/PURCHASE/LAGOS/999260790335616692077204261698,CR
Aminu Abdul,Union,450.5,WEB/PAYSTACK/REF-TXN-DEF/SES:999260738665516765812379134072,DR
Zainab Musa,Sterling,9999.99,NIP/REVERSAL/999260751570735615389380039776/REF:TXN-THETA,CR
Olatunji Seun,FCMB,1200.75,TRF FROM NIBSS_PAY_999260284338988216377068650408/SES:TXN-LAMBDA,DR
Grace Chinyere,Zenith,31250.0,POS/PURCHASE/LAGOS/999260302117318730458826421035,CR
Hassan Suleiman,GTBank,78000.0,WEB/PAYSTACK/REF-TXN-GHI/SES:999260517748601474910928852202,CR
Kehinde Adebayo,Access,26000.3,NIP/REVERSAL/999260290611645664737409137287/REF:TXN-OMEGA2,DR
Ngozi Nkem,UBA,990.01,TRF FROM NIBSS_PAY_999260168430285890416539243182/SES:TXN-UPS,CR
Adamu Ibrahim,FirstBank,510.0,POS/PURCHASE/LAGOS/999260104153576346322934865953,DR
Ify Ebere,Kuda,15000.45,WEB/PAYSTACK/REF-TXN-XYZ2/SES:999260725325238369689844523361,CR
Adebayo Adekunle,Zenith,12450.75,NIP/REVERSAL/999260530551388474200229838398/REF:TXN-ALPHA,CR
Chukwuma Obinna,GTBank,98730.5,TRF FROM NIBSS_PAY_999260580614293251096953169693/SES:TXN-DELTA,CR
Ngozi Chiamaka,FirstBank,205300.0,POS/PURCHASE/LAGOS/999260509380415234522062142647,DR
Amina Yakubu,Access,5600.99,WEB/PAYSTACK/REF-TXN-XYZ/SES:999260798593041328230953237869,CR
Oluwaseun Adebisi,Kuda,48000.25,NIP/REVERSAL/999260708832010190639460704559/REF:TXN-BETA,DR
Chinyere Nweke,OPay,15000.0,TRF FROM NIBSS_PAY_999260995883269218936336628329/SES:TXN-GAMMA,CR
Folasade Adewale,Moniepoint,750.5,POS/PURCHASE/LAGOS/999260823791409464324641301959,DR
Usman Bello,Stanbic,9999.99,WEB/PAYSTACK/REF-TXN-ABC/SES:999260150665309257044351181292,CR
Fatima Abubakar,Wema,43210.1,NIP/REVERSAL/999260730169129403375032343348/REF:TXN-DELTA,CR
Hadiza Ibrahim,Polaris,210000.0,TRF FROM NIBSS_PAY_999260492512958543179337333916/SES:TXN-EPSILON,CR
Sulaiman Musa,Fidelity,305.75,POS/PURCHASE/LAGOS/999260507893903000466401824183,DR
Nnedi Chukwuemeka,Union,1200.0,WEB/PAYSTACK/REF-TXN-DEF/SES:999260675973012969046533673490,CR
Khadija Ibrahim,Sterling,66050.4,NIP/REVERSAL/999260922773269960857486483282/REF:TXN-ETA,DR
Chiamaka Nwosu,FCMB,4500.0,TRF FROM NIBSS_PAY_999260193311246124179810935539/SES:TXN-ZETA,CR
Bamidele Akinboyo,Zenith,99999.99,POS/PURCHASE/LAGOS/999260504585618928565859801656,DR
Ifeanyi Okafor,GTBank,76000.0,WEB/PAYSTACK/REF-TXN-GHI/SES:999260008108614594930025438930,CR
Maryam Abubakar,FirstBank,225.6,NIP/REVERSAL/999260740489149199136650005157/REF:TXN-KAPPA,CR
Adedayo Ogunleye,Access,31000.0,TRF FROM NIBSS_PAY_999260931250251445304530702945/SES:TXN-LAMBDA,DR
Nkemdilli Okoye,Polaris,25500.5,POS/PURCHASE/LAGOS/999260044207293546378219549033,CR
Zainab Umar,UBA,8200.75,WEB/PAYSTACK/REF-TXN-MNO/SES:999260649476414906197771711232,DR
Adeniyi Adebola,Zenith,125000.5,NIP/REVERSAL/999260924703992374291179206128/REF:TXN-001,CR
Chukwuemeka Obi,GTBank,9800.75,TRF FROM NIBSS_PAY_999260418440484309551693760001/SES:TXN-002,CR
Ngozi Nwoko,Access,54000.0,POS/PURCHASE/LAGOS/999260374764327085833522822881,DR
Amina Bello,UBA,230000.0,WEB/PAYSTACK/REF-TXN-XXX/SES:999260938335392422183695709549,CR
Oluwaseun Adeyemi,FirstBank,150000.25,NIP/REVERSAL/999260530142308600442659264812/REF:TXN-005,DR
Chinyere Eze,Kuda,7500.6,TRF FROM NIBSS_PAY_999260256200845783251008997980/SES:TXN-006,CR
Yusuf Ibrahim,OPay,32000.1,POS/PURCHASE/LAGOS/999260930986149404173195916061,DR
Moluyinke Adebayo,Moniepoint,65000.99,WEB/PAYSTACK/REF-TXN-XXX/SES:999260344554144521022662054108,CR
Fatima Musa,Stanbic,120000.4,NIP/REVERSAL/999260386931384961061938747114/REF:TXN-009,DR
Chukwuma Nwafor,Wema,4150.0,TRF FROM NIBSS_PAY_999260263371295630183940385980/SES:TXN-010,CR
Aisha Bello,Polaris,210000.0,POS/PURCHASE/LAGOS/999260397812498282914612938536,DR
Ifeanyi Okafor,Fidelity,56000.8,WEB/PAYSTACK/REF-TXN-XXX/SES:999260908824322878963249548442,CR
Hassan Yakubu,Union,9900.55,NIP/REVERSAL/999260669851743760042533939140/REF:TXN-013,DR
Kudirat Oladapo,Sterling,78000.25,TRF FROM NIBSS_PAY_999260196619255412782068874827/SES:TXN-014,CR
Ngozi Chukwu,FCMB,30500.75,POS/PURCHASE/LAGOS/999260650793299171330166172586,DR
Aminu Hamza,Zenith,45500.0,WEB/PAYSTACK/REF-TXN-XXX/SES:999260095971986421607205344586,CR
Chimaobi Nweke,GTBank,6000.0,NIP/REVERSAL/999260613063129395785090150986/REF:TXN-017,DR
Funke Adeyemi,Access,205000.1,TRF FROM NIBSS_PAY_999260432195417820478879682496/SES:TXN-018,CR
Adedayo Olabisi,UBA,99999.99,POS/PURCHASE/LAGOS/999260115566942249323224993352,DR
Amina Garba,FirstBank,120000.01,WEB/PAYSTACK/REF-TXN-XXX/SES:999260337213369295556604976633,CR
Akinwande Adeboye,Zenith,12850.75,NIP/REVERSAL/999260773696053135609826447119/REF:TXN-001,CR
Okonkwo Chijioke,GTBank,51230.4,TRF FROM NIBSS_PAY_999260827151917136593612304853/SES:TXN-002,CR
Abdul-Ganiyu Yakubu,Fidelity,205000.0,POS/PURCHASE/LAGOS/999260797682519307125749268068,DR
Adedayo Ifeoluwa,FirstBank,9900.0,WEB/PAYSTACK/REF-TXN-XXX/SES:999260830052974046819005560903,CR
Chukwuemeka Obiora,Access,75000.5,NIP/REVERSAL/999260638769403406660115964251/REF:TXN-005,DR
Amina Bello,UBA,158000.2,TRF FROM NIBSS_PAY_999260950954871030583261937308/SES:TXN-006,CR
Chinyere Nwafor,Kuda,3500.99,POS/PURCHASE/LAGOS/999260034871830743596898694057,DR
Musa Ibrahim,OPay,42000.0,WEB/PAYSTACK/REF-TXN-XXX/SES:999260016577544245548467508566,CR
Fatima Adamu,Moniepoint,120000.05,NIP/REVERSAL/999260118167597291856931498536/REF:TXN-009,CR
Chigozie Miracle,Stanbic,26000.75,TRF FROM NIBSS_PAY_999260242051905501693168511719/SES:TXN-010,DR
Ngozi Eze,Wema,5400.0,POS/PURCHASE/LAGOS/999260508161732528368726786296,DR
Bello Adekunle,Polaris,99000.0,WEB/PAYSTACK/REF-TXN-XXX/SES:999260657635735089135654160263,CR
Sulaiman Umar,Fidelity,7600.25,NIP/REVERSAL/999260406848533510121277443694/REF:TXN-013,DR
Ifunanya Nwokocha,Union,30500.0,TRF FROM NIBSS_PAY_999260273819443107873311202333/SES:TXN-014,CR
Yusuf Gambo,Sterling,45500.45,POS/PURCHASE/LAGOS/999260759221278221698166825965,DR
Adebisi Olawale,FCMB,21975.6,WEB/PAYSTACK/REF-TXN-XXX/SES:999260341964320904375099040822,CR
Tamuno Chidi,Zenith,6400.0,NIP/REVERSAL/999260528936570124959501050995/REF:TXN-017,DR
Ejike Chukwuemeka,GTBank,98000.1,TRF FROM NIBSS_PAY_999260454434794051313152340163/SES:TXN-018,CR
Aisha Ibrahim,FirstBank,13250.25,POS/PURCHASE/LAGOS/999260639065690024036055744888,CR
Kikelomo Ojo,UBA,73500.0,WEB/PAYSTACK/REF-TXN-XXX/SES:999260679077922110916250310334,DR
Adebayo Adekunle,Zenith,12000.5,NIP/REVERSAL/999260500642160951283883206101/REF:TXN-ALPHA,CR
Chukwuemeka Obi,GTBank,98500.75,TRF FROM NIBSS_PAY_999260815830534205433241073032/SES:TXN-BRAVO,CR
Idris Yusuf,Access,4300.0,POS/PURCHASE/LAGOS/999260303791070892742353294312,DR
Funmi Adebola,UBA,75500.25,WEB/PAYSTACK/REF-TXN-CHARLIE/SES:999260086342800531155682615852,CR
Oluchi Nwoko,FirstBank,2100.99,NIP/REVERSAL/999260827564806104246466621883/REF:TXN-DELTA,DR
Chinedu Obasi,Kuda,15230.1,TRF FROM NIBSS_PAY_999260938788144429448977150007/SES:TXN-ECHO,CR
Amina Bello,OPay,999.99,POS/PURCHASE/LAGOS/999260076003970564933534536188,DR
Ngozi Okafor,Moniepoint,54000.0,WEB/PAYSTACK/REF-TXN-FOXTROT/SES:999260443076790049355981557325,CR
Ibrahim Musa,Stanbic,275000.0,NIP/REVERSAL/999260432010216819320290508533/REF:TXN-GOLF,CR
Chigozie Eze,Wema,3500.5,TRF FROM NIBSS_PAY_999260912413735254705015702680/SES:TXN-HOTEL,DR
Kabiru Ali,Polaris,6400.75,POS/PURCHASE/LAGOS/999260610496734430404195920040,DR
Roseline Ojo,Fidelity,120000.0,WEB/PAYSTACK/REF-TXN-INDIA/SES:999260367270645742347215254485,CR
Bashir Umar,Union,890.25,NIP/REVERSAL/999260772394461339613295768354000/REF:TXN-JULIET,DR
Maryam Musa,Sterling,21000.0,TRF FROM NIBSS_PAY_999260003255711195939521809731/SES:TXN-KILO,CR
Chinedu Okafor,FCMB,9800.4,POS/PURCHASE/LAGOS/999260721663048889167756868255,DR
Ayo Ogunlade,Zenith,300.0,WEB/PAYSTACK/REF-TXN-LIMA/SES:999260278546374244450393210103,DR
Zara Suleiman,GTBank,45550.6,NIP/REVERSAL/999260061496790575359874060579555/REF:TXN-MIKE,CR
Chukwuemeka Nwankwo,UBA,6200.25,TRF FROM NIBSS_PAY_999260019920240438182120195810/SES:TXN-NOVA,CR
Ruth Obi,Polaris,1500.0,POS/PURCHASE/LAGOS/999260374031385401399198128303,DR
Oluwasegun Adebayo,Wema,760.8,WEB/PAYSTACK/REF-TXN-OPUS/SES:999260259880596384153052164353,CR
Ifunanya Nwachukwu,FirstBank,9999.99,NIP/REVERSAL/999260816363641779908500859401333/REF:TXN-QUEEN,CR
Adebayo Adeoye,Zenith,12450.75,NIP/REVERSAL/999260930264448886016634456697/REF:TXN-CRN-001,CR
Chukwuma Obinna,GTBank,987650.5,TRF FROM NIBSS_PAY_999260988767821755876847176368/SES:TXN-002,CR
Ngozi Ndidiamaka,Access,32000.0,POS/PURCHASE/LAGOS/999260771241605152323250542405,DR
Amina Yakubu,UBA,250000.99,WEB/PAYSTACK/REF-TXN-XXX/SES:999260213004826237106206196948,CR
Oluwaseun Adebiyi,FirstBank,1500.25,NIP/REVERSAL/999260271951864666215940784042/REF:TXN-004,DR
Fatima Abubakar,Kuda,76000.1,TRF FROM NIBSS_PAY_999260485148952487037888479857/SES:TXN-005,CR
Chinyere Okafor,OPay,4500.0,POS/PURCHASE/LAGOS/999260530995252471605067279032,DR
Olaide Balogun,Moniepoint,990.65,WEB/PAYSTACK/REF-TXN-XXX/SES:999260218908728930066756799499,CR
Ifeanyi Nwosu,Stanbic,210000.4,NIP/REVERSAL/999260506448606488496922449358/REF:TXN-009,CR
Zainab Ibrahim,Wema,12800.0,TRF FROM NIBSS_PAY_999260615439824668874697742704/SES:TXN-010,DR
Chukwuemeka Eze,Polaris,340000.0,POS/PURCHASE/LAGOS/999260246588657262048006538853,CR
Aisha Bello,Fidelity,760000.5,WEB/PAYSTACK/REF-TXN-XXX/SES:999260636814320637265759875956,CR
Nneka Okoye,Union,4200.75,NIP/REVERSAL/999260128432135112943640565638333/REF:TXN-012,DR
Musa Ibrahim,Sterling,56000.9,TRF FROM NIBSS_PAY_999260232629214365913013106399/SES:TXN-013,CR
Amina Suleiman,FCMB,999.99,POS/PURCHASE/LAGOS/999260125198822950562318692139,DR
Chima Uche,Zenith,10250.4,WEB/PAYSTACK/REF-TXN-XXX/SES:999260332905993779859286335560,CR
Hassan Adisa,GTBank,7500.0,NIP/REVERSAL/999260899790555702202114785591654/REF:TXN-016,DR
Funke Adeyemi,UBA,61000.25,TRF FROM NIBSS_PAY_999260519972216004496395634398/SES:TXN-017,CR
Khadija Umar,Polaris,133000.0,POS/PURCHASE/LAGOS/999260910560393268768953481612,DR
Adebayo Oladapo,Zenith,128500.75,NIP/REVERSAL/999260621031864367480417615558567/REF:TXN-001,DR
Chukwuma Ifeanyi,GTBank,52000.0,TRF FROM NIBSS_PAY_999260259662810272668751049679/SES:TXN-002,CR
Ngozi Nkiru,Access,230000.5,POS/PURCHASE/LAGOS/999260994875655637824743296746,DR
Amina Abdullahi,UBA,97500.25,WEB/PAYSTACK/REF-TXN-XXX/SES:999260905742903768191535839045,CR
Oluwaseun Adekunle,FirstBank,31000.1,NIP/REVERSAL/999260528571001945191374005863654/REF:TXN-005,DR
Chinyere Uche,Kuda,145000.8,TRF FROM NIBSS_PAY_999260728760921625491198984042/SES:TXN-006,CR
Fatima Ibrahim,OPay,8600.6,POS/PURCHASE/LAGOS/999260638586993620300824986432,DR
Yakubu Musa,Moniepoint,40250.0,WEB/PAYSTACK/REF-TXN-XXX/SES:999260012605253454962774654277,CR
Ibukun Ogundare,Stanbic,199999.99,NIP/REVERSAL/999260465961090173057428883049555/REF:TXN-009,DR
Chimaobi Okafor,Wema,56000.45,TRF FROM NIBSS_PAY_999260974745313823414055232421/SES:TXN-010,CR
Ayo Adebisi,Polaris,301500.0,POS/PURCHASE/LAGOS/999260878625679930204201123979,DR
Salma Yusuf,Fidelity,72000.3,WEB/PAYSTACK/REF-TXN-XXX/SES:999260402141175793254675364741,CR
Emeka Nwaneri,Union,51000.0,NIP/REVERSAL/999260906095535251350212856824445/REF:TXN-013,DR
Blessing Chukwu,Sterling,99000.6,TRF FROM NIBSS_PAY_999260620538611371986116368527/SES:TXN-014,CR
Usman Aisha,FCMB,68000.25,POS/PURCHASE/LAGOS/999260957064416507735276109880,DR
Halima Ibrahim,Zenith,155000.4,WEB/PAYSTACK/REF-TXN-XXX/SES:999260937552848778874644620343,CR
Toyin Adeoye,GTBank,245000.75,NIP/REVERSAL/999260867804477498358926159183/REF:TXN-017,DR
Nkechi Eze,FirstBank,36000.5,TRF FROM NIBSS_PAY_999260533340945150420360364416/SES:TXN-018,CR
Ibukun Oluwafemi,Union,41000.0,POS/PURCHASE/LAGOS/999260056370457600020890179742,DR
Adejoke Adeyemi,Zenith,12500.75,NIP/REVERSAL/999260772937003867994706732578/REF:TXN-ADX001,CR
Chukwuma Nwoko,GTBank,43000.0,TRF FROM NIBSS_PAY_999260481136274579294391920549/SES:TXN-CHUKW001,CR
Ngozi Onyeka,Access,9800.5,POS/PURCHASE/LAGOS/999260064152499067762712305942,DR
Amina Musa,UBA,260000.0,WEB/PAYSTACK/REF-TXN-ABC/SES:999260628081190889622721933789,CR
Funke Adeyinka,FirstBank,750.25,NIP/REVERSAL/999260549329355645192755806732/REF:TXN-FNK001,DR
Chinyere Okafor,Kuda,150000.0,TRF FROM NIBSS_PAY_999260868307913167928426060569/SES:TXN-CHY001,CR
Bamidele Akinyele,OPay,3500.1,POS/PURCHASE/LAGOS/999260091031823399579479138833,DR
Ifeoma Eze,Moniepoint,21000.99,WEB/PAYSTACK/REF-TXN-XYZ/SES:999260434280376929763527747294,CR
Yakubu Ibrahim,Stanbic,52000.0,NIP/REVERSAL/999260452257646733607221079200/REF:TXN-YK001,DR
Chukwuemeka Obi,Wema,8600.4,TRF FROM NIBSS_PAY_999260178444480453529228247355/SES:TXN-COB001,CR
Adebayo Oluwabowale,Polaris,9900.0,POS/PURCHASE/LAGOS/999260900218022997798231859375,DR
Ruth Chukwudi,Fidelity,47000.5,WEB/PAYSTACK/REF-TXN-DEF/SES:999260845793338776823972977853,CR
Sani Musa,Union,360000.0,NIP/REVERSAL/999260472928285039011020192794/REF:TXN-SANI001,CR
Amina Yakubu,Sterling,4100.25,TRF FROM NIBSS_PAY_999260279752696077899485367555/SES:TXN-YAK001,DR
Lamidi Adekunle,FCMB,125000.0,POS/PURCHASE/LAGOS/999260081643015329228504084517,CR
Ifedayo Chukwu,Zenith,32000.0,WEB/PAYSTACK/REF-TXN-GHI/SES:999260562423939298390905781209,DR
Maryam Bello,GTBank,5700.6,NIP/REVERSAL/999260722822621545630073315733000/REF:TXN-MARY001,CR
 Olabisi Adekunle,UBA,74000.75,TRF FROM NIBSS_PAY_999260085767190370327322589000/SES:TXN-OLA001,DR
Ngozi Nwafor,FirstBank,97000.0,POS/PURCHASE/LAGOS/999260871838201313160768324265,CR
Ayo Balogun,Kuda,600.0,WEB/PAYSTACK/REF-TXN-ZZZ/SES:999260732865190486533134289178,DR
Aminat Adeyemi,Zenith,125000.5,NIP/REVERSAL/999260987390431660355048243374/REF:TXN-AXQ,CR
Chinedu Nwoko,GTBank,98000.0,TRF FROM NIBSS_PAY_999260415376528464212916756540/SES:TXN-GLM,CR
Ngozi Eze,Access,230450.75,POS/PURCHASE/LAGOS/999260139962598314319149101131,DR
Amina Yakubu,UBA,31000.1,WEB/PAYSTACK/REF-TXN-XYZ/SES:999260495777030440332008492424,DR
Olusegun Adetola,FirstBank,150000.0,NIP/REVERSAL/999260302805791634746282283985/REF:TXN-BND,CR
Chukwudi Chukwu,Kuda,5400.5,TRF FROM NIBSS_PAY_999260297038684701878721805725/SES:TXN-DEF,CR
Fatima Musa,OPay,76000.25,POS/PURCHASE/LAGOS/999260288175076780608898791277,DR
Ifeoma Obi,Moniepoint,199999.99,WEB/PAYSTACK/REF-TXN-ABC/SES:999260680253623405691054270703,CR
Mohammed Bello,Stanbic,54000.0,NIP/REVERSAL/999260266447799999200437803953/REF:TXN-GHI,DR
Sadiya Ibrahim,Wema,8800.75,TRF FROM NIBSS_PAY_999260387759738247117310556416/SES:TXN-JKL,CR
Emeka Nwosu,Polaris,42000.6,POS/PURCHASE/LAGOS/999260801364553337324362908092,DR
Ayo Adekunle,Fidelity,305500.2,WEB/PAYSTACK/REF-TXN-DEF/SES:999260675854649827958079111569,CR
Nafisat Suleiman,Union,6000.0,NIP/REVERSAL/999260788879208088989073148097/REF:TXN-MNO,DR
Daniel Chukwuemeka,Sterling,1250.95,TRF FROM NIBSS_PAY_999260252149419671379992428676/SES:TXN-PQR,CR
Yasmin Ibrahim,FCMB,71000.4,POS/PURCHASE/LAGOS/999260328851530051441163421129,DR
Kemi Adegbite,Zenith,9900.0,WEB/PAYSTACK/REF-TXN-UVW/SES:999260872233762144714733277603,CR
Ibrahim Yusuf,GTBank,215000.35,NIP/REVERSAL/999260597836937693421078675236/REF:TXN-STU,CR
Tope Ogundipe,Access,45000.8,TRF FROM NIBSS_PAY_999260677436207455722952437541/SES:TXN-VWX,DR
Adaeze Chukwu,UBA,132500.25,POS/PURCHASE/LAGOS/999260598539126234692729270206,CR
Rahman Musa,FirstBank,74000.6,WEB/PAYSTACK/REF-TXN-XYZ/SES:999260364435440495186120713754,DR
Adejoke Adeyemi,Zenith,12850.75,NIP/REVERSAL/999260769744558393278861205731/REF:TXN-CTR-001,CR
Ngozi Nwosu,GTBank,74200.5,TRF FROM NIBSS_PAY_999260241817830045366906340448/SES:TXN-002,CR
Chukwuma Okafor,Access,3350.0,POS/PURCHASE/LAGOS/999260554810752551248986268292,DR
Funmi Adebayo,UBA,210000.0,WEB/PAYSTACK/REF-TXN-XXX/SES:999260589310147681570297615578,CR
Ifeanyi Eze,FirstBank,9850.25,NIP/REVERSAL/999260512664479281008299727455/REF:TXN-004,DR
Amina Musa,Kuda,5600.8,TRF FROM NIBSS_PAY_999260330784083028318187855163/SES:TXN-005,CR
Chinyere Okonkwo,OPay,15000.0,POS/PURCHASE/LAGOS/999260084841357689041225438995,DR
Olawale Adeoye,Moniepoint,62000.9,WEB/PAYSTACK/REF-TXN-XXX/SES:999260278157087085858441342241,CR
Abubakar Yakubu,Stanbic,4000.25,NIP/REVERSAL/999260115409782193825464560491/REF:TXN-007,DR
Maryam Bello,Wema,780.4,TRF FROM NIBSS_PAY_999260123724655612231077615559/SES:TXN-008,CR
Ifebi Chukwuemeka,Polaris,99999.99,POS/PURCHASE/LAGOS/999260812610766054511457518765,CR
Yusuf Ibrahim,Fidelity,1200.0,WEB/PAYSTACK/REF-TXN-XXX/SES:999260951292545484475503243154,DR
Ayo Ogunleye,Union,5400.6,NIP/REVERSAL/999260346889525375753919785077/REF:TXN-013,CR
Hadiza Ibrahim,Sterling,26000.0,TRF FROM NIBSS_PAY_999260165180269526956339347157/SES:TXN-014,DR
Rasaki Adeboye,FCMB,29999.99,POS/PURCHASE/LAGOS/999260065937201836850401139189,CR
Emeka Nwachukwu,Zenith,4550.25,WEB/PAYSTACK/REF-TXN-XXX/SES:999260442146533385050132655679,DR
Adebisi Ojo,GTBank,76000.4,NIP/REVERSAL/999260396174178788407583614692777/REF:TXN-017,CR
Chidinma Ezeh,UBA,8900.9,TRF FROM NIBSS_PAY_999260983611504533918146349608/SES:TXN-018,DR
Aminu Suleiman,FirstBank,3150.75,POS/PURCHASE/LAGOS/999260559654830623153345190081,CR
Aisha Bello,Polaris,10250.0,WEB/PAYSTACK/REF-TXN-XXX/SES:999260119408849286052077881968,DR
Adebayo Adekunle,Zenith,128000.5,NIP/REVERSAL/999260124234564854741184877699/REF:TXN-ALFA,CR
Chukwuma Obinna,GTBank,45000.75,TRF FROM NIBSS_PAY_999260869579769598819885124840/SES:TXN-DELTA,CR
Fatima Musa,FirstBank,56000.0,POS/PURCHASE/LAGOS/999260032299329258106613382428,DR
Ngozi Nnadozie,UBA,23000.25,WEB/PAYSTACK/REF-TXN-XYZ/SES:999260256281254793759904960186,CR
Amina Hassan,Kuda,198500.99,NIP/REVERSAL/999260152311830180876464973115888/REF:TXN-OMEGA,CR
Oluwaseun Adeyemi,OPay,7500.6,TRF FROM NIBSS_PAY_999260803492051055189878628239/SES:TXN-BETA,DR
Chinyere Eze,Moniepoint,125000.0,POS/PURCHASE/LAGOS/999260253939876956081450306816,CR
Yakubu Ibrahim,Stanbic,9900.4,WEB/PAYSTACK/REF-TXN-ABC/SES:999260020944085703344009994037,DR
Chukwudi Chukwu,Wema,31000.15,NIP/REVERSAL/999260735400471494928214266229888/REF:TXN-NU,CR
Emeka Okoye,Polaris,260000.0,TRF FROM NIBSS_PAY_999260099895172304845676422123/SES:TXN-GAMMA,CR
Ifeoma Okafor,Fidelity,54000.35,POS/PURCHASE/LAGOS/999260436839267915765965831397,DR
Ndubisi Chukwu,Union,88000.8,NIP/TXN/999260226622384719983982168483/REF:AUTO-GEN,CR
Aisha Bello,Sterling,42000.0,NIP/REVERSAL/999260309079257567300804192810999/REF:TXN-OMEGA2,CR
Umaru Sani,FCMB,15250.4,TRF FROM NIBSS_PAY_999260830707905731875153003965/SES:TXN-THETA,DR
Funmilayo Ade,Zenith,74000.25,POS/PURCHASE/LAGOS/999260236286656751297639017344,DR
Ifunanya Obi,GTBank,99500.0,WEB/PAYSTACK/REF-TXN-GHI/SES:999260720337838466531325729990,CR
Sani Abubakar,UBA,6200.75,NIP/REVERSAL/999260113035601645719911809320333/REF:TXN-ZETA,DR
Kehinde Adebisi,FirstBank,103000.4,TRF FROM NIBSS_PAY_999260400896235919436370483324/SES:TXN-ETA,CR
Nkiru Uche,Polaris,51000.9,POS/PURCHASE/LAGOS/999260025661061054111154968946,DR
Rahma Abubakar,Zenith,165000.6,WEB/PAYSTACK/REF-TXN-JKL/SES:999260393911886033892980343354,CR
Adebola Adebayo,Zenith,12000.75,NIP/REVERSAL/999260519728173513557180070485/REF:TXN-AR1,CR
Chukwudi Chukwuma,GTBank,8500.0,TRF FROM NIBSS_PAY_999260389941171772244276994648/SES:TXN-XXX,CR
Ngozi Okafor,Access,54000.5,POS/PURCHASE/LAGOS/999260466908000857734179275820,DR
Amina Musa,UBA,230000.0,WEB/PAYSTACK/REF-TXN-999260549611899081932674853656/SES:999260201500000000000000999999,CR
Funmi Adeyemi,FirstBank,99999.99,NIP/REVERSAL/999260300229850347610965399482/REF:TXN-AR2,DR
Ifeoma Nwankwo,Kuda,1500.25,TRF FROM NIBSS_PAY_999260534492860346013415632716/SES:TXN-XXX,CR
Yakubu Ibrahim,OPay,7600.0,POS/PURCHASE/LAGOS/999260927060747464282963101528,DR
Chinedu Obi,Moniepoint,31250.4,WEB/PAYSTACK/REF-TXN-999260002551108984032826777043/SES:999260201500000000000000777777,CR
Adenike Olawale,Stanbic,42000.0,NIP/REVERSAL/999260446632355394511830018770/REF:TXN-AR3,DR
Oluwasegun Adeyemo,Wema,6500.75,TRF FROM NIBSS_PAY_999260905181486658486700519174/SES:TXN-XXX,CR
Chinyere Nwabueze,Polaris,9800.0,POS/PURCHASE/LAGOS/999260406332484348677802605666,DR
Emmanuel Eze,Fidelity,125000.0,WEB/PAYSTACK/REF-TXN-999260460259014217217931226629/SES:999260201500000000000000222333,CR
Rashida Bello,Union,2100.5,NIP/REVERSAL/999260696841782381383486587995/REF:TXN-AR4,DR
Halima Abdullahi,Sterling,50500.25,TRF FROM NIBSS_PAY_999260617314708595062162045728/SES:TXN-XXX,CR
Nkechi Anayo,FCMB,9900.0,POS/PURCHASE/LAGOS/999260813549492449894153922697,DR
Sani Bello,Zenith,3100.1,WEB/PAYSTACK/REF-TXN-999260301511154456509225100059/SES:999260201500000000000000888777,CR
Ifedayo Ojo,GTBank,27500.75,NIP/REVERSAL/999260557737383475443372311538/REF:TXN-AR5,DR
Tobiloba Ajao,Access,4100.0,TRF FROM NIBSS_PAY_999260152304994765251879244885/SES:TXN-XXX,CR
Ibrahim Yakubu,UBA,56000.3,POS/PURCHASE/LAGOS/999260408471587235713791325351,DR
Idowu Adebayo,FirstBank,132500.0,WEB/PAYSTACK/REF-TXN-999260793460945931282298691901/SES:999260201500000000000000555000,CR
Adebayo Adekunle,Zenith,128450.75,NIP/REVERSAL/999260581432287757794374090296/REF:TXN-CRN-001,CR
Chukwuma Emeka,GTBank,8600.5,TRF FROM NIBSS_PAY_999260385898826557736737482381/SES:TXN-002,CR
Ngozi Nwafor,Access,23000.0,POS/PURCHASE/LAGOS/999260824416614577312073232886,DR
Amina Bello,UBA,5400.99,WEB/PAYSTACK/REF-TXN-XXX/SES:999260674253800587402502356546,CR
Chinedu Obi,FirstBank,99999.99,NIP/REVERSAL/999260655436432498272876506042/REF:TXN-004,DR
Funke Adebowale,Kuda,250000.0,TRF FROM NIBSS_PAY_999260960182261333984055315227/SES:TXN-005,CR
Ibukun Ogun,OPay,1500.25,POS/PURCHASE/LAGOS/999260232955332226448461193447,DR
Yusuf Abubakar,Moniepoint,76000.4,WEB/PAYSTACK/REF-TXN-XXX/SES:999260980239884567351329321230,CR
Zainab Lawal,Stanbic,41250.75,NIP/REVERSAL/999260626006972646872693441310/REF:TXN-007,DR
Ifeoma Eze,Wema,9800.0,TRF FROM NIBSS_PAY_999260615208853698963731698462/SES:TXN-008,CR
Ahmed Musa,Polaris,540.6,POS/PURCHASE/LAGOS/999260138377954569189458952029,DR
Olushola Adeyemi,Fidelity,62000.3,WEB/PAYSTACK/REF-TXN-XXX/SES:999260401117728451101007375043,CR
Aminat Aminu,Union,7500.05,NIP/REVERSAL/999260886660689299530696721261/REF:TXN-012,DR
Chiamaka Okwu,Sterling,31000.0,TRF FROM NIBSS_PAY_999260985327246972358033075023/SES:TXN-013,CR
Tunde Adebisi,FCMB,4450.75,POS/PURCHASE/LAGOS/999260787251317684075174104784,DR
Ejima Nwoye,Zenith,199999.99,WEB/PAYSTACK/REF-TXN-XXX/SES:999260448600180794902339781310,CR
Mohammed Bello,GTBank,9700.1,NIP/REVERSAL/999260486485240978196964899670/REF:TXN-017,DR
Ifunanya Uche,UBA,102000.0,TRF FROM NIBSS_PAY_999260597345115220926434023748/SES:TXN-018,CR
Seyi Oshun,Polaris,350.25,POS/PURCHASE/LAGOS/999260671097314883953437440460,DR
Hauwa Ibrahim,FirstBank,12000.0,WEB/PAYSTACK/REF-TXN-XXX/SES:999260692155303017661371224468,CR
Adebayo Oluwafemi,Zenith,125000.75,NIP/REVERSAL/999260739449401976248220059766/REF:TXN-ALPH,CR
Chukwuma Ifeanyi,GTBank,35000.5,TRF FROM NIBSS_PAY_999260695581006690404307008906/SES:TXN-XYZ,DR
Fatima Amina,Access,89000.0,POS/PURCHASE/LAGOS/999260072528125188625331869762,CR
Ngozi Nkiru,UBA,210000.99,WEB/PAYSTACK/REF-TXN-ABC/SES:999260759251487038294427496491,CR
Olaide Adedoyin,FirstBank,4200.25,NIP/REVERSAL/999260803735513658861797019995/REF:TXN-DEF,DR
Chinyere Uche,Kuda,155000.0,TRF FROM NIBSS_PAY_999260261194101581016348497826/SES:TXN-GHI,CR
Yakubu Idris,OPay,97000.4,POS/PURCHASE/LAGOS/999260603088140881438671148176,DR
Amina Ibrahim,Moniepoint,60000.1,WEB/PAYSTACK/REF-TXN-JKL/SES:999260919662574048696893061688,CR
Obiora Nwosu,Stanbic,132500.35,NIP/REVERSAL/999260705988974354578324328106333/REF:TXN-MNO,DR
Chukwuemeka Okechukwu,Wema,48000.75,TRF FROM NIBSS_PAY_999260846459100841724075467301/SES:TXN-PQR,CR
Folashade Adeyemi,Polaris,275000.6,POS/PURCHASE/LAGOS/999260949652087233132505200374,CR
Ijeoma Nnaji,Fidelity,99000.0,WEB/PAYSTACK/REF-TXN-STU/SES:999260635998732095450818648948,DR
Samaila Yakubu,Union,51000.45,NIP/REVERSAL/999260583586626486497899924908999/REF:TXN-VWX,CR
Adewale Ogunbiyi,Sterling,72000.3,TRF FROM NIBSS_PAY_999260345004209421587475420390/SES:TXN-YZA,DR
Nneka Eze,FCMB,30500.8,POS/PURCHASE/LAGOS/999260661321650647592086238589,CR
Khadija Bello,Zenith,188000.25,WEB/PAYSTACK/REF-TXN-OPQ/SES:999260873821656599011436577821,DR
Emeka Okafor,GTBank,230000.0,NIP/REVERSAL/999260038588867645355106145671111/REF:TXN-RST,CR
Ismailu Sadiq,Access,145000.15,TRF FROM NIBSS_PAY_999260538794950285760712257325/SES:TXN-UVW,DR
Yusuf Abubakar,UBA,51500.65,POS/PURCHASE/LAGOS/999260665913830879632796251847,CR
Adenike Ogunlade,FirstBank,64500.9,WEB/PAYSTACK/REF-TXN-XYZ/SES:999260008219285669932025566674,DR
Zainab Musa,Polaris,78000.4,NIP/REVERSAL/999260981075954100754000077167888/REF:TXN-ABC,CR
Akinyele Oladipupo,Zenith,125000.5,NIP/REVERSAL/999260177144818120418175684700/REF:TXN-ALR0123456,CR
Chukwuma Nnamdi,GTBank,94000.75,TRF FROM NIBSS_PAY_999260040251674230627200413585/SES:TXN-DR999,CR
Adetunji Funmi,Access,2300.0,POS/PURCHASE/LAGOS/999260659345370675848194515776,DR
Ngozi Uche,UBA,56000.2,WEB/PAYSTACK/REF-TXN-XXX/SES:999260142576793875851776399615,CR
Amina Bello,FirstBank,310000.0,NIP/REVERSAL/999260054180454912624578898705/REF:TXN-UNQ09876,DR
Olusegun Adewale,Kuda,7800.99,TRF FROM NIBSS_PAY_999260630194263483024992340373/SES:TXN-DR777,CR
Ifunanya Chiamaka,OPay,120000.3,POS/PURCHASE/LAGOS/999260229546060103476249299414,DR
Hassan Aminu,Moniepoint,45000.0,WEB/PAYSTACK/REF-TXN-XXX/SES:999260828271360854256834352507,CR
Adeleke Taiwo,Stanbic,99000.45,NIP/REVERSAL/999260376914926594975776705923/REF:TXN-TAI123,DR
Chinyere Nwosu,Wema,6600.1,TRF FROM NIBSS_PAY_999260368268544036309977625738/SES:TXN-DR888,CR
